충전소명,충전일,충전시작시간,충전종료시간,충전일자,충전시간,요일,주말
동작구청,2021-10-11,2021-10-11 19:04:53,2021-10-11 19:44:54,2021-10-11,40.0,0,0
동작구청,2021-10-11,2021-10-11 17:44:46,2021-10-11 17:59:26,2021-10-11,14.0,0,0
동작구청,2021-10-11,2021-10-11 15:41:45,2021-10-11 16:21:46,2021-10-11,40.0,0,0
동작구청,2021-10-11,2021-10-11 14:33:11,2021-10-11 15:13:12,2021-10-11,40.0,0,0
동작구청,2021-10-11,2021-10-11 13:43:22,2021-10-11 14:23:24,2021-10-11,40.0,0,0
동작구청,2021-10-11,2021-10-11 07:52:13,2021-10-11 08:05:21,2021-10-11,13.0,0,0
동작구청,2021-10-11,2021-10-11 07:10:46,2021-10-11 07:50:47,2021-10-11,40.0,0,0
동작구청,2021-10-11,2021-10-11 01:25:41,2021-10-11 01:41:18,2021-10-11,15.0,0,0
동작구청,2021-10-10,2021-10-10 22:52:42,2021-10-10 23:32:43,2021-10-10,40.0,6,1
동작구청,2021-10-10,2021-10-10 19:24:39,2021-10-10 19:44:48,2021-10-10,20.0,6,1
동작구청,2021-10-10,2021-10-10 15:38:06,2021-10-10 16:18:08,2021-10-10,40.0,6,1
동작구청,2021-10-10,2021-10-10 12:53:17,2021-10-10 13:32:04,2021-10-10,38.0,6,1
동작구청,2021-10-10,2021-10-10 11:09:04,2021-10-10 11:26:59,2021-10-10,17.0,6,1
동작구청,2021-10-10,2021-10-10 08:23:26,2021-10-10 09:03:27,2021-10-10,40.0,6,1
동작구청,2021-10-09,2021-10-09 21:52:51,2021-10-09 22:11:15,2021-10-09,18.0,5,1
동작구청,2021-10-09,2021-10-09 20:42:26,2021-10-09 21:22:28,2021-10-09,40.0,5,1
동작구청,2021-10-09,2021-10-09 15:01:02,2021-10-09 15:26:33,2021-10-09,25.0,5,1
동작구청,2021-10-09,2021-10-09 13:20:25,2021-10-09 14:00:27,2021-10-09,40.0,5,1
동작구청,2021-10-09,2021-10-09 12:42:29,2021-10-09 13:16:06,2021-10-09,33.0,5,1
동작구청,2021-10-09,2021-10-09 11:51:21,2021-10-09 12:31:22,2021-10-09,40.0,5,1
동작구청,2021-10-09,2021-10-09 07:10:47,2021-10-09 07:43:39,2021-10-09,32.0,5,1
동작구청,2021-10-09,2021-10-09 06:28:11,2021-10-09 07:05:36,2021-10-09,37.0,5,1
동작구청,2021-10-08,2021-10-08 18:13:31,2021-10-08 18:36:09,2021-10-08,22.0,4,0
동작구청,2021-10-08,2021-10-08 12:13:17,2021-10-08 12:43:36,2021-10-08,30.0,4,0
동작구청,2021-10-08,2021-10-08 09:38:07,2021-10-08 10:11:16,2021-10-08,33.0,4,0
동작구청,2021-10-08,2021-10-08 08:19:22,2021-10-08 08:59:23,2021-10-08,40.0,4,0
동작구청,2021-10-08,2021-10-08 07:10:45,2021-10-08 07:50:46,2021-10-08,40.0,4,0
동작구청,2021-10-08,2021-10-08 06:31:02,2021-10-08 07:09:34,2021-10-08,38.0,4,0
동작구청,2021-10-07,2021-10-07 21:27:58,2021-10-07 22:07:59,2021-10-07,40.0,3,0
동작구청,2021-10-07,2021-10-07 16:51:43,2021-10-07 17:31:45,2021-10-07,40.0,3,0
동작구청,2021-10-07,2021-10-07 15:38:55,2021-10-07 16:18:18,2021-10-07,39.0,3,0
동작구청,2021-10-07,2021-10-07 11:39:40,2021-10-07 12:08:24,2021-10-07,28.0,3,0
동작구청,2021-10-07,2021-10-07 10:22:54,2021-10-07 10:59:38,2021-10-07,36.0,3,0
동작구청,2021-10-07,2021-10-07 09:24:07,2021-10-07 10:04:08,2021-10-07,40.0,3,0
동작구청,2021-10-07,2021-10-07 08:30:46,2021-10-07 09:10:47,2021-10-07,40.0,3,0
동작구청,2021-10-07,2021-10-07 07:38:50,2021-10-07 08:18:52,2021-10-07,40.0,3,0
동작구청,2021-10-07,2021-10-07 06:55:22,2021-10-07 07:35:23,2021-10-07,40.0,3,0
동작구청,2021-10-07,2021-10-07 01:10:02,2021-10-07 01:50:03,2021-10-07,40.0,3,0
동작구청,2021-10-07,2021-10-07 00:28:55,2021-10-07 01:08:56,2021-10-07,40.0,3,0
동작구청,2021-10-06,2021-10-06 20:07:51,2021-10-06 20:31:14,2021-10-06,23.0,2,0
동작구청,2021-10-06,2021-10-06 16:23:15,2021-10-06 17:03:16,2021-10-06,40.0,2,0
동작구청,2021-10-06,2021-10-06 15:26:44,2021-10-06 15:57:48,2021-10-06,31.0,2,0
동작구청,2021-10-06,2021-10-06 12:21:31,2021-10-06 12:56:32,2021-10-06,35.0,2,0
동작구청,2021-10-06,2021-10-06 10:06:53,2021-10-06 10:24:57,2021-10-06,18.0,2,0
동작구청,2021-10-05,2021-10-05 19:36:48,2021-10-05 19:44:30,2021-10-05,7.0,1,0
동작구청,2021-10-05,2021-10-05 18:51:14,2021-10-05 19:31:15,2021-10-05,40.0,1,0
동작구청,2021-10-05,2021-10-05 16:38:30,2021-10-05 17:18:32,2021-10-05,40.0,1,0
동작구청,2021-10-05,2021-10-05 14:52:52,2021-10-05 15:32:54,2021-10-05,40.0,1,0
동작구청,2021-10-05,2021-10-05 12:57:52,2021-10-05 13:25:44,2021-10-05,27.0,1,0
동작구청,2021-10-05,2021-10-05 12:28:02,2021-10-05 12:39:31,2021-10-05,11.0,1,0
동작구청,2021-10-04,2021-10-04 21:44:33,2021-10-04 21:58:01,2021-10-04,13.0,0,0
동작구청,2021-10-04,2021-10-04 21:03:32,2021-10-04 21:43:34,2021-10-04,40.0,0,0
동작구청,2021-10-04,2021-10-04 17:18:16,2021-10-04 17:43:05,2021-10-04,24.0,0,0
동작구청,2021-10-04,2021-10-04 16:18:51,2021-10-04 16:58:52,2021-10-04,40.0,0,0
동작구청,2021-10-04,2021-10-04 15:16:48,2021-10-04 15:56:50,2021-10-04,40.0,0,0
동작구청,2021-10-04,2021-10-04 14:44:55,2021-10-04 15:07:34,2021-10-04,22.0,0,0
동작구청,2021-10-04,2021-10-04 07:38:47,2021-10-04 08:17:17,2021-10-04,38.0,0,0
동작구청,2021-10-04,2021-10-04 06:46:12,2021-10-04 06:56:17,2021-10-04,10.0,0,0
동작구청,2021-10-04,2021-10-04 06:04:34,2021-10-04 06:44:35,2021-10-04,40.0,0,0
동작구청,2021-10-03,2021-10-03 20:41:05,2021-10-03 21:21:08,2021-10-03,40.0,6,1
동작구청,2021-10-03,2021-10-03 15:47:44,2021-10-03 16:26:40,2021-10-03,38.0,6,1
동작구청,2021-10-03,2021-10-03 15:05:42,2021-10-03 15:38:19,2021-10-03,32.0,6,1
동작구청,2021-10-03,2021-10-03 10:33:11,2021-10-03 10:45:57,2021-10-03,12.0,6,1
동작구청,2021-10-03,2021-10-03 09:51:59,2021-10-03 10:32:01,2021-10-03,40.0,6,1
동작구청,2021-10-03,2021-10-03 09:25:15,2021-10-03 09:40:51,2021-10-03,15.0,6,1
동작구청,2021-10-03,2021-10-03 08:43:35,2021-10-03 09:23:37,2021-10-03,40.0,6,1
동작구청,2021-10-03,2021-10-03 07:45:30,2021-10-03 08:22:58,2021-10-03,37.0,6,1
동작구청,2021-10-02,2021-10-02 22:45:38,2021-10-02 23:25:40,2021-10-02,40.0,5,1
동작구청,2021-10-02,2021-10-02 15:17:02,2021-10-02 15:51:00,2021-10-02,33.0,5,1
동작구청,2021-10-02,2021-10-02 12:13:50,2021-10-02 12:53:52,2021-10-02,40.0,5,1
동작구청,2021-10-02,2021-10-02 10:12:27,2021-10-02 10:52:28,2021-10-02,40.0,5,1
동작구청,2021-10-02,2021-10-02 09:22:05,2021-10-02 10:02:06,2021-10-02,40.0,5,1
동작구청,2021-10-02,2021-10-02 08:53:54,2021-10-02 09:16:27,2021-10-02,22.0,5,1
동작구청,2021-10-02,2021-10-02 06:29:55,2021-10-02 06:53:23,2021-10-02,23.0,5,1
동작구청,2021-10-02,2021-10-02 06:03:44,2021-10-02 06:26:04,2021-10-02,22.0,5,1
동작구청,2021-10-01,2021-10-01 20:33:25,2021-10-01 21:13:26,2021-10-01,40.0,4,0
동작구청,2021-10-01,2021-10-01 19:46:55,2021-10-01 20:26:57,2021-10-01,40.0,4,0
동작구청,2021-10-01,2021-10-01 17:38:50,2021-10-01 18:18:51,2021-10-01,40.0,4,0
동작구청,2021-10-01,2021-10-01 12:39:15,2021-10-01 13:16:11,2021-10-01,36.0,4,0
동작구청,2021-09-30,2021-09-30 21:03:39,2021-09-30 21:43:41,2021-09-30,40.0,3,0
동작구청,2021-09-30,2021-09-30 20:42:10,2021-09-30 21:02:58,2021-09-30,20.0,3,0
동작구청,2021-09-30,2021-09-30 18:49:01,2021-09-30 19:29:02,2021-09-30,40.0,3,0
동작구청,2021-09-30,2021-09-30 17:03:32,2021-09-30 17:43:34,2021-09-30,40.0,3,0
동작구청,2021-09-30,2021-09-30 14:48:06,2021-09-30 15:03:54,2021-09-30,15.0,3,0
동작구청,2021-09-30,2021-09-30 12:13:24,2021-09-30 12:53:26,2021-09-30,40.0,3,0
동작구청,2021-09-30,2021-09-30 10:53:24,2021-09-30 11:33:25,2021-09-30,40.0,3,0
동작구청,2021-09-30,2021-09-30 10:01:24,2021-09-30 10:41:26,2021-09-30,40.0,3,0
동작구청,2021-09-30,2021-09-30 08:10:15,2021-09-30 08:50:17,2021-09-30,40.0,3,0
동작구청,2021-09-30,2021-09-30 01:55:19,2021-09-30 02:35:20,2021-09-30,40.0,3,0
동작구청,2021-09-30,2021-09-30 01:14:10,2021-09-30 01:54:11,2021-09-30,40.0,3,0
동작구청,2021-09-29,2021-09-29 23:26:04,2021-09-29 23:41:58,2021-09-29,15.0,2,0
동작구청,2021-09-29,2021-09-29 22:44:47,2021-09-29 23:24:49,2021-09-29,40.0,2,0
동작구청,2021-09-29,2021-09-29 21:58:39,2021-09-29 22:38:40,2021-09-29,40.0,2,0
동작구청,2021-09-29,2021-09-29 20:01:44,2021-09-29 20:41:45,2021-09-29,40.0,2,0
동작구청,2021-09-29,2021-09-29 19:20:30,2021-09-29 20:00:31,2021-09-29,40.0,2,0
동작구청,2021-09-29,2021-09-29 17:13:42,2021-09-29 17:53:44,2021-09-29,40.0,2,0
동작구청,2021-09-29,2021-09-29 12:36:44,2021-09-29 13:16:46,2021-09-29,40.0,2,0
동작구청,2021-09-29,2021-09-29 11:04:54,2021-09-29 11:35:16,2021-09-29,30.0,2,0
동작구청,2021-09-29,2021-09-29 08:04:02,2021-09-29 08:44:04,2021-09-29,40.0,2,0
동작구청,2021-09-28,2021-09-28 16:50:12,2021-09-28 17:30:13,2021-09-28,40.0,1,0
동작구청,2021-09-28,2021-09-28 11:47:42,2021-09-28 12:06:36,2021-09-28,18.0,1,0
동작구청,2021-09-28,2021-09-28 09:05:31,2021-09-28 09:24:29,2021-09-28,18.0,1,0
동작구청,2021-09-28,2021-09-28 06:15:54,2021-09-28 06:54:34,2021-09-28,38.0,1,0
동작구청,2021-09-28,2021-09-28 05:03:03,2021-09-28 05:43:05,2021-09-28,40.0,1,0
동작구청,2021-09-27,2021-09-27 22:11:58,2021-09-27 22:42:57,2021-09-27,30.0,0,0
동작구청,2021-09-27,2021-09-27 20:42:03,2021-09-27 21:08:53,2021-09-27,26.0,0,0
동작구청,2021-09-27,2021-09-27 19:19:59,2021-09-27 19:51:37,2021-09-27,31.0,0,0
동작구청,2021-09-27,2021-09-27 16:48:32,2021-09-27 17:18:09,2021-09-27,29.0,0,0
동작구청,2021-09-27,2021-09-27 10:48:07,2021-09-27 11:25:08,2021-09-27,37.0,0,0
동작구청,2021-09-27,2021-09-27 02:51:38,2021-09-27 03:30:04,2021-09-27,38.0,0,0
동작구청,2021-09-26,2021-09-26 22:49:26,2021-09-26 23:10:49,2021-09-26,21.0,6,1
동작구청,2021-09-26,2021-09-26 22:06:45,2021-09-26 22:46:47,2021-09-26,40.0,6,1
동작구청,2021-09-26,2021-09-26 20:59:56,2021-09-26 21:39:58,2021-09-26,40.0,6,1
동작구청,2021-09-26,2021-09-26 19:53:12,2021-09-26 20:20:31,2021-09-26,27.0,6,1
동작구청,2021-09-26,2021-09-26 19:07:14,2021-09-26 19:47:16,2021-09-26,40.0,6,1
동작구청,2021-09-26,2021-09-26 17:02:50,2021-09-26 17:42:51,2021-09-26,40.0,6,1
동작구청,2021-09-26,2021-09-26 15:27:04,2021-09-26 15:37:59,2021-09-26,10.0,6,1
동작구청,2021-09-26,2021-09-26 13:37:23,2021-09-26 13:51:07,2021-09-26,13.0,6,1
동작구청,2021-09-26,2021-09-26 12:56:59,2021-09-26 13:34:28,2021-09-26,37.0,6,1
동작구청,2021-09-26,2021-09-26 08:29:43,2021-09-26 09:07:04,2021-09-26,37.0,6,1
동작구청,2021-09-26,2021-09-26 07:33:45,2021-09-26 08:09:45,2021-09-26,36.0,6,1
동작구청,2021-09-25,2021-09-25 16:10:53,2021-09-25 16:50:55,2021-09-25,40.0,5,1
동작구청,2021-09-25,2021-09-25 14:43:56,2021-09-25 14:51:44,2021-09-25,7.0,5,1
동작구청,2021-09-25,2021-09-25 13:07:59,2021-09-25 13:48:01,2021-09-25,40.0,5,1
동작구청,2021-09-25,2021-09-25 03:29:01,2021-09-25 04:09:02,2021-09-25,40.0,5,1
동작구청,2021-09-25,2021-09-25 02:47:49,2021-09-25 03:27:50,2021-09-25,40.0,5,1
동작구청,2021-09-24,2021-09-24 21:30:04,2021-09-24 22:06:42,2021-09-24,36.0,4,0
동작구청,2021-09-24,2021-09-24 20:30:42,2021-09-24 21:05:48,2021-09-24,35.0,4,0
동작구청,2021-09-24,2021-09-24 19:42:25,2021-09-24 20:22:26,2021-09-24,40.0,4,0
동작구청,2021-09-24,2021-09-24 15:50:19,2021-09-24 16:30:21,2021-09-24,40.0,4,0
동작구청,2021-09-24,2021-09-24 14:46:47,2021-09-24 14:53:50,2021-09-24,7.0,4,0
동작구청,2021-09-24,2021-09-24 13:23:48,2021-09-24 13:38:33,2021-09-24,14.0,4,0
동작구청,2021-09-24,2021-09-24 01:52:22,2021-09-24 02:01:18,2021-09-24,8.0,4,0
동작구청,2021-09-24,2021-09-24 01:10:41,2021-09-24 01:50:42,2021-09-24,40.0,4,0
동작구청,2021-09-23,2021-09-23 20:49:14,2021-09-23 21:29:15,2021-09-23,40.0,3,0
동작구청,2021-09-23,2021-09-23 18:10:17,2021-09-23 18:43:43,2021-09-23,33.0,3,0
동작구청,2021-09-23,2021-09-23 16:57:46,2021-09-23 17:36:48,2021-09-23,39.0,3,0
동작구청,2021-09-23,2021-09-23 11:32:43,2021-09-23 11:43:11,2021-09-23,10.0,3,0
동작구청,2021-09-23,2021-09-23 10:50:03,2021-09-23 11:17:59,2021-09-23,27.0,3,0
동작구청,2021-09-22,2021-09-22 21:56:57,2021-09-22 22:04:31,2021-09-22,7.0,2,0
동작구청,2021-09-22,2021-09-22 21:40:48,2021-09-22 21:55:37,2021-09-22,14.0,2,0
동작구청,2021-09-22,2021-09-22 18:17:31,2021-09-22 18:57:32,2021-09-22,40.0,2,0
동작구청,2021-09-22,2021-09-22 17:27:14,2021-09-22 18:07:16,2021-09-22,40.0,2,0
동작구청,2021-09-22,2021-09-22 13:38:08,2021-09-22 13:54:18,2021-09-22,16.0,2,0
동작구청,2021-09-22,2021-09-22 11:29:19,2021-09-22 11:54:10,2021-09-22,24.0,2,0
동작구청,2021-09-21,2021-09-21 22:01:56,2021-09-21 22:23:15,2021-09-21,21.0,1,0
동작구청,2021-09-21,2021-09-21 21:20:58,2021-09-21 22:01:01,2021-09-21,40.0,1,0
동작구청,2021-09-21,2021-09-21 16:51:01,2021-09-21 17:31:02,2021-09-21,40.0,1,0
동작구청,2021-09-21,2021-09-21 15:32:43,2021-09-21 15:44:17,2021-09-21,11.0,1,0
동작구청,2021-09-21,2021-09-21 13:50:10,2021-09-21 14:20:15,2021-09-21,30.0,1,0
동작구청,2021-09-21,2021-09-21 13:09:23,2021-09-21 13:49:25,2021-09-21,40.0,1,0
동작구청,2021-09-20,2021-09-20 21:36:17,2021-09-20 22:10:55,2021-09-20,34.0,0,0
동작구청,2021-09-20,2021-09-20 12:54:09,2021-09-20 13:33:49,2021-09-20,39.0,0,0
동작구청,2021-09-20,2021-09-20 09:02:28,2021-09-20 09:37:10,2021-09-20,34.0,0,0
동작구청,2021-09-19,2021-09-19 21:48:03,2021-09-19 22:28:04,2021-09-19,40.0,6,1
동작구청,2021-09-19,2021-09-19 19:30:53,2021-09-19 20:04:01,2021-09-19,33.0,6,1
동작구청,2021-09-19,2021-09-19 18:14:17,2021-09-19 18:54:19,2021-09-19,40.0,6,1
동작구청,2021-09-19,2021-09-19 16:25:41,2021-09-19 17:01:06,2021-09-19,35.0,6,1
동작구청,2021-09-19,2021-09-19 14:43:31,2021-09-19 15:23:33,2021-09-19,40.0,6,1
동작구청,2021-09-19,2021-09-19 12:51:16,2021-09-19 13:20:01,2021-09-19,28.0,6,1
동작구청,2021-09-19,2021-09-19 12:24:58,2021-09-19 12:48:39,2021-09-19,23.0,6,1
동작구청,2021-09-19,2021-09-19 11:39:09,2021-09-19 12:16:56,2021-09-19,37.0,6,1
동작구청,2021-09-19,2021-09-19 10:38:01,2021-09-19 10:50:31,2021-09-19,12.0,6,1
동작구청,2021-09-19,2021-09-19 08:03:31,2021-09-19 08:14:35,2021-09-19,11.0,6,1
동작구청,2021-09-19,2021-09-19 07:22:08,2021-09-19 08:02:10,2021-09-19,40.0,6,1
동작구청,2021-09-19,2021-09-19 03:49:36,2021-09-19 04:04:57,2021-09-19,15.0,6,1
동작구청,2021-09-19,2021-09-19 03:08:14,2021-09-19 03:48:16,2021-09-19,40.0,6,1
동작구청,2021-09-18,2021-09-18 21:11:49,2021-09-18 21:23:54,2021-09-18,12.0,5,1
동작구청,2021-09-18,2021-09-18 20:02:02,2021-09-18 20:42:03,2021-09-18,40.0,5,1
동작구청,2021-09-18,2021-09-18 16:02:36,2021-09-18 16:42:38,2021-09-18,40.0,5,1
동작구청,2021-09-18,2021-09-18 14:23:00,2021-09-18 14:45:04,2021-09-18,22.0,5,1
동작구청,2021-09-18,2021-09-18 13:30:01,2021-09-18 14:10:02,2021-09-18,40.0,5,1
동작구청,2021-09-18,2021-09-18 07:59:03,2021-09-18 08:36:57,2021-09-18,37.0,5,1
동작구청,2021-09-18,2021-09-18 00:22:50,2021-09-18 01:02:52,2021-09-18,40.0,5,1
동작구청,2021-09-17,2021-09-17 16:32:04,2021-09-17 17:12:05,2021-09-17,40.0,4,0
동작구청,2021-09-17,2021-09-17 15:42:28,2021-09-17 16:15:48,2021-09-17,33.0,4,0
동작구청,2021-09-17,2021-09-17 15:09:41,2021-09-17 15:36:30,2021-09-17,26.0,4,0
동작구청,2021-09-17,2021-09-17 13:37:37,2021-09-17 13:47:45,2021-09-17,10.0,4,0
동작구청,2021-09-17,2021-09-17 11:52:18,2021-09-17 12:14:43,2021-09-17,22.0,4,0
동작구청,2021-09-17,2021-09-17 10:25:48,2021-09-17 10:46:53,2021-09-17,21.0,4,0
동작구청,2021-09-17,2021-09-17 08:36:43,2021-09-17 09:14:22,2021-09-17,37.0,4,0
동작구청,2021-09-17,2021-09-17 07:50:41,2021-09-17 08:30:42,2021-09-17,40.0,4,0
동작구청,2021-09-16,2021-09-16 20:32:24,2021-09-16 21:12:25,2021-09-16,40.0,3,0
동작구청,2021-09-16,2021-09-16 18:36:19,2021-09-16 19:04:14,2021-09-16,27.0,3,0
동작구청,2021-09-16,2021-09-16 17:09:12,2021-09-16 17:49:13,2021-09-16,40.0,3,0
동작구청,2021-09-16,2021-09-16 16:27:09,2021-09-16 17:07:10,2021-09-16,40.0,3,0
동작구청,2021-09-16,2021-09-16 15:46:24,2021-09-16 16:22:26,2021-09-16,36.0,3,0
동작구청,2021-09-16,2021-09-16 15:02:20,2021-09-16 15:42:23,2021-09-16,40.0,3,0
동작구청,2021-09-16,2021-09-16 14:20:34,2021-09-16 15:00:35,2021-09-16,40.0,3,0
동작구청,2021-09-16,2021-09-16 10:59:53,2021-09-16 11:39:55,2021-09-16,40.0,3,0
동작구청,2021-09-15,2021-09-15 19:40:16,2021-09-15 20:20:18,2021-09-15,40.0,2,0
동작구청,2021-09-15,2021-09-15 16:28:40,2021-09-15 17:08:41,2021-09-15,40.0,2,0
동작구청,2021-09-15,2021-09-15 15:45:06,2021-09-15 16:25:09,2021-09-15,40.0,2,0
동작구청,2021-09-15,2021-09-15 14:56:40,2021-09-15 15:36:42,2021-09-15,40.0,2,0
동작구청,2021-09-15,2021-09-15 13:02:53,2021-09-15 13:42:55,2021-09-15,40.0,2,0
동작구청,2021-09-15,2021-09-15 10:34:05,2021-09-15 11:14:07,2021-09-15,40.0,2,0
동작구청,2021-09-15,2021-09-15 08:08:14,2021-09-15 08:43:47,2021-09-15,35.0,2,0
동작구청,2021-09-15,2021-09-15 07:59:59,2021-09-15 08:05:55,2021-09-15,5.0,2,0
동작구청,2021-09-15,2021-09-15 07:18:38,2021-09-15 07:58:40,2021-09-15,40.0,2,0
동작구청,2021-09-15,2021-09-15 06:34:18,2021-09-15 07:04:24,2021-09-15,30.0,2,0
동작구청,2021-09-14,2021-09-14 17:08:59,2021-09-14 17:48:10,2021-09-14,39.0,1,0
동작구청,2021-09-14,2021-09-14 10:59:42,2021-09-14 11:17:13,2021-09-14,17.0,1,0
동작구청,2021-09-14,2021-09-14 10:30:06,2021-09-14 10:40:49,2021-09-14,10.0,1,0
동작구청,2021-09-14,2021-09-14 09:21:18,2021-09-14 10:01:21,2021-09-14,40.0,1,0
동작구청,2021-09-14,2021-09-14 08:54:13,2021-09-14 09:18:26,2021-09-14,24.0,1,0
동작구청,2021-09-14,2021-09-14 07:51:31,2021-09-14 08:07:15,2021-09-14,15.0,1,0
동작구청,2021-09-14,2021-09-14 02:42:54,2021-09-14 02:54:59,2021-09-14,12.0,1,0
동작구청,2021-09-14,2021-09-14 02:02:04,2021-09-14 02:42:06,2021-09-14,40.0,1,0
동작구청,2021-09-14,2021-09-14 00:06:28,2021-09-14 00:24:30,2021-09-14,18.0,1,0
동작구청,2021-09-13,2021-09-13 22:27:36,2021-09-13 22:54:31,2021-09-13,26.0,0,0
동작구청,2021-09-13,2021-09-13 17:31:53,2021-09-13 18:11:55,2021-09-13,40.0,0,0
동작구청,2021-09-13,2021-09-13 16:52:55,2021-09-13 17:30:03,2021-09-13,37.0,0,0
동작구청,2021-09-13,2021-09-13 16:01:18,2021-09-13 16:35:03,2021-09-13,33.0,0,0
동작구청,2021-09-13,2021-09-13 15:28:16,2021-09-13 15:54:02,2021-09-13,25.0,0,0
동작구청,2021-09-13,2021-09-13 14:33:23,2021-09-13 15:13:25,2021-09-13,40.0,0,0
동작구청,2021-09-13,2021-09-13 13:13:10,2021-09-13 13:34:30,2021-09-13,21.0,0,0
동작구청,2021-09-13,2021-09-13 12:35:46,2021-09-13 13:12:14,2021-09-13,36.0,0,0
동작구청,2021-09-13,2021-09-13 10:50:05,2021-09-13 11:30:06,2021-09-13,40.0,0,0
동작구청,2021-09-13,2021-09-13 07:57:03,2021-09-13 08:09:11,2021-09-13,12.0,0,0
동작구청,2021-09-13,2021-09-13 07:15:19,2021-09-13 07:55:21,2021-09-13,40.0,0,0
동작구청,2021-09-13,2021-09-13 04:40:03,2021-09-13 05:20:04,2021-09-13,40.0,0,0
동작구청,2021-09-13,2021-09-13 03:54:07,2021-09-13 04:34:08,2021-09-13,40.0,0,0
동작구청,2021-09-12,2021-09-12 21:38:50,2021-09-12 21:51:09,2021-09-12,12.0,6,1
동작구청,2021-09-12,2021-09-12 20:57:25,2021-09-12 21:37:27,2021-09-12,40.0,6,1
동작구청,2021-09-12,2021-09-12 13:58:56,2021-09-12 14:33:58,2021-09-12,35.0,6,1
동작구청,2021-09-12,2021-09-12 12:45:48,2021-09-12 13:00:50,2021-09-12,15.0,6,1
동작구청,2021-09-12,2021-09-12 07:26:53,2021-09-12 08:06:54,2021-09-12,40.0,6,1
동작구청,2021-09-11,2021-09-11 21:43:05,2021-09-11 22:23:07,2021-09-11,40.0,5,1
동작구청,2021-09-11,2021-09-11 20:12:01,2021-09-11 20:33:39,2021-09-11,21.0,5,1
동작구청,2021-09-11,2021-09-11 18:45:30,2021-09-11 19:25:31,2021-09-11,40.0,5,1
동작구청,2021-09-11,2021-09-11 16:04:29,2021-09-11 16:12:44,2021-09-11,8.0,5,1
동작구청,2021-09-11,2021-09-11 15:21:07,2021-09-11 16:01:09,2021-09-11,40.0,5,1
동작구청,2021-09-11,2021-09-11 12:51:17,2021-09-11 13:31:19,2021-09-11,40.0,5,1
동작구청,2021-09-11,2021-09-11 11:33:33,2021-09-11 12:13:35,2021-09-11,40.0,5,1
동작구청,2021-09-11,2021-09-11 08:37:29,2021-09-11 09:17:31,2021-09-11,40.0,5,1
동작구청,2021-09-10,2021-09-10 20:39:59,2021-09-10 21:00:07,2021-09-10,20.0,4,0
동작구청,2021-09-10,2021-09-10 17:11:33,2021-09-10 17:51:36,2021-09-10,40.0,4,0
동작구청,2021-09-10,2021-09-10 16:08:37,2021-09-10 16:44:22,2021-09-10,35.0,4,0
동작구청,2021-09-10,2021-09-10 15:14:05,2021-09-10 15:54:07,2021-09-10,40.0,4,0
동작구청,2021-09-10,2021-09-10 14:20:03,2021-09-10 15:00:05,2021-09-10,40.0,4,0
동작구청,2021-09-10,2021-09-10 12:21:49,2021-09-10 12:50:42,2021-09-10,28.0,4,0
동작구청,2021-09-10,2021-09-10 11:38:19,2021-09-10 11:48:51,2021-09-10,10.0,4,0
동작구청,2021-09-10,2021-09-09 23:44:36,2021-09-10 00:00:43,2021-09-10,16.0,3,0
동작구청,2021-09-09,2021-09-09 23:02:19,2021-09-09 23:42:20,2021-09-09,40.0,3,0
동작구청,2021-09-09,2021-09-09 16:49:23,2021-09-09 17:19:30,2021-09-09,30.0,3,0
동작구청,2021-09-09,2021-09-09 15:38:16,2021-09-09 16:14:59,2021-09-09,36.0,3,0
동작구청,2021-09-09,2021-09-09 13:49:38,2021-09-09 14:29:38,2021-09-09,40.0,3,0
동작구청,2021-09-09,2021-09-09 11:51:30,2021-09-09 12:31:32,2021-09-09,40.0,3,0
동작구청,2021-09-09,2021-09-09 09:03:20,2021-09-09 09:43:21,2021-09-09,40.0,3,0
동작구청,2021-09-09,2021-09-09 08:02:47,2021-09-09 08:42:49,2021-09-09,40.0,3,0
동작구청,2021-09-09,2021-09-09 07:28:30,2021-09-09 07:53:09,2021-09-09,24.0,3,0
동작구청,2021-09-09,2021-09-09 04:31:50,2021-09-09 04:57:50,2021-09-09,26.0,3,0
동작구청,2021-09-09,2021-09-09 00:31:40,2021-09-09 01:05:31,2021-09-09,33.0,3,0
동작구청,2021-09-09,2021-09-08 23:50:32,2021-09-09 00:30:34,2021-09-09,40.0,2,0
동작구청,2021-09-08,2021-09-08 18:53:07,2021-09-08 19:04:53,2021-09-08,11.0,2,0
동작구청,2021-09-08,2021-09-08 17:42:27,2021-09-08 18:22:29,2021-09-08,40.0,2,0
동작구청,2021-09-08,2021-09-08 16:49:40,2021-09-08 17:29:41,2021-09-08,40.0,2,0
동작구청,2021-09-08,2021-09-08 15:31:10,2021-09-08 16:11:12,2021-09-08,40.0,2,0
동작구청,2021-09-08,2021-09-08 14:54:10,2021-09-08 15:27:22,2021-09-08,33.0,2,0
동작구청,2021-09-08,2021-09-08 08:43:51,2021-09-08 09:23:52,2021-09-08,40.0,2,0
동작구청,2021-09-08,2021-09-08 07:01:02,2021-09-08 07:39:29,2021-09-08,38.0,2,0
동작구청,2021-09-07,2021-09-07 18:04:52,2021-09-07 18:41:59,2021-09-07,37.0,1,0
동작구청,2021-09-07,2021-09-07 16:53:16,2021-09-07 17:16:17,2021-09-07,23.0,1,0
동작구청,2021-09-07,2021-09-07 13:57:33,2021-09-07 14:37:35,2021-09-07,40.0,1,0
동작구청,2021-09-07,2021-09-07 08:02:39,2021-09-07 08:23:01,2021-09-07,20.0,1,0
동작구청,2021-09-07,2021-09-07 04:54:27,2021-09-07 05:34:29,2021-09-07,40.0,1,0
동작구청,2021-09-07,2021-09-07 04:09:32,2021-09-07 04:49:33,2021-09-07,40.0,1,0
동작구청,2021-09-07,2021-09-07 01:01:27,2021-09-07 01:41:29,2021-09-07,40.0,1,0
동작구청,2021-09-06,2021-09-06 15:42:34,2021-09-06 16:12:08,2021-09-06,29.0,0,0
동작구청,2021-09-06,2021-09-06 14:41:20,2021-09-06 15:01:50,2021-09-06,20.0,0,0
동작구청,2021-09-06,2021-09-06 13:53:39,2021-09-06 14:33:40,2021-09-06,40.0,0,0
동작구청,2021-09-06,2021-09-06 13:09:08,2021-09-06 13:49:10,2021-09-06,40.0,0,0
동작구청,2021-09-06,2021-09-06 11:52:51,2021-09-06 12:32:53,2021-09-06,40.0,0,0
동작구청,2021-09-06,2021-09-06 11:13:32,2021-09-06 11:40:43,2021-09-06,27.0,0,0
동작구청,2021-09-06,2021-09-06 10:37:00,2021-09-06 10:55:38,2021-09-06,18.0,0,0
동작구청,2021-09-06,2021-09-06 07:04:36,2021-09-06 07:19:56,2021-09-06,15.0,0,0
동작구청,2021-09-06,2021-09-06 06:23:28,2021-09-06 07:03:29,2021-09-06,40.0,0,0
동작구청,2021-09-05,2021-09-05 13:33:41,2021-09-05 13:53:58,2021-09-05,20.0,6,1
동작구청,2021-09-05,2021-09-05 11:17:23,2021-09-05 11:57:24,2021-09-05,40.0,6,1
동작구청,2021-09-05,2021-09-05 08:38:17,2021-09-05 08:48:27,2021-09-05,10.0,6,1
동작구청,2021-09-05,2021-09-05 00:42:23,2021-09-05 01:12:30,2021-09-05,30.0,6,1
동작구청,2021-09-05,2021-09-05 00:00:40,2021-09-05 00:40:41,2021-09-05,40.0,6,1
동작구청,2021-09-04,2021-09-04 23:10:21,2021-09-04 23:32:53,2021-09-04,22.0,5,1
동작구청,2021-09-04,2021-09-04 22:28:59,2021-09-04 23:09:00,2021-09-04,40.0,5,1
동작구청,2021-09-04,2021-09-04 14:55:23,2021-09-04 15:20:45,2021-09-04,25.0,5,1
동작구청,2021-09-04,2021-09-04 10:46:30,2021-09-04 11:26:32,2021-09-04,40.0,5,1
동작구청,2021-09-04,2021-09-04 08:07:14,2021-09-04 08:47:15,2021-09-04,40.0,5,1
동작구청,2021-09-03,2021-09-03 19:14:03,2021-09-03 19:21:39,2021-09-03,7.0,4,0
동작구청,2021-09-03,2021-09-03 17:57:45,2021-09-03 18:37:47,2021-09-03,40.0,4,0
동작구청,2021-09-03,2021-09-03 17:00:50,2021-09-03 17:40:52,2021-09-03,40.0,4,0
동작구청,2021-09-03,2021-09-03 16:47:58,2021-09-03 16:54:53,2021-09-03,6.0,4,0
동작구청,2021-09-03,2021-09-03 15:46:34,2021-09-03 16:26:36,2021-09-03,40.0,4,0
동작구청,2021-09-03,2021-09-03 13:07:46,2021-09-03 13:47:47,2021-09-03,40.0,4,0
동작구청,2021-09-03,2021-09-03 10:50:17,2021-09-03 11:30:19,2021-09-03,40.0,4,0
동작구청,2021-09-03,2021-09-03 10:19:39,2021-09-03 10:40:42,2021-09-03,21.0,4,0
동작구청,2021-09-03,2021-09-03 09:00:58,2021-09-03 09:32:00,2021-09-03,31.0,4,0
동작구청,2021-09-03,2021-09-03 08:01:01,2021-09-03 08:40:27,2021-09-03,39.0,4,0
동작구청,2021-09-03,2021-09-03 05:15:37,2021-09-03 05:55:38,2021-09-03,40.0,4,0
동작구청,2021-09-02,2021-09-02 18:46:53,2021-09-02 19:26:55,2021-09-02,40.0,3,0
동작구청,2021-09-02,2021-09-02 15:27:24,2021-09-02 16:07:27,2021-09-02,40.0,3,0
동작구청,2021-09-02,2021-09-02 14:33:26,2021-09-02 15:06:59,2021-09-02,33.0,3,0
동작구청,2021-09-02,2021-09-02 14:09:11,2021-09-02 14:28:16,2021-09-02,19.0,3,0
동작구청,2021-09-02,2021-09-02 12:36:48,2021-09-02 13:16:49,2021-09-02,40.0,3,0
동작구청,2021-09-02,2021-09-02 12:04:51,2021-09-02 12:23:20,2021-09-02,18.0,3,0
동작구청,2021-09-02,2021-09-02 10:38:34,2021-09-02 11:16:32,2021-09-02,37.0,3,0
동작구청,2021-09-02,2021-09-02 01:48:19,2021-09-02 02:28:21,2021-09-02,40.0,3,0
동작구청,2021-09-01,2021-09-01 18:32:49,2021-09-01 19:12:51,2021-09-01,40.0,2,0
동작구청,2021-09-01,2021-09-01 16:41:44,2021-09-01 17:21:46,2021-09-01,40.0,2,0
동작구청,2021-09-01,2021-09-01 16:00:29,2021-09-01 16:40:31,2021-09-01,40.0,2,0
동작구청,2021-09-01,2021-09-01 15:34:26,2021-09-01 15:57:57,2021-09-01,23.0,2,0
동작구청,2021-09-01,2021-09-01 15:01:16,2021-09-01 15:28:30,2021-09-01,27.0,2,0
동작구청,2021-09-01,2021-09-01 11:26:13,2021-09-01 12:00:30,2021-09-01,34.0,2,0
동작구청,2021-09-01,2021-09-01 10:11:40,2021-09-01 10:17:33,2021-09-01,5.0,2,0
동작구청,2021-09-01,2021-09-01 03:38:56,2021-09-01 03:50:53,2021-09-01,11.0,2,0
동작구청,2021-09-01,2021-09-01 02:49:43,2021-09-01 02:55:06,2021-09-01,5.0,2,0
동작구청,2021-09-01,2021-09-01 02:06:06,2021-09-01 02:46:07,2021-09-01,40.0,2,0
동작구청,2021-08-31,2021-08-31 21:47:20,2021-08-31 22:13:27,2021-08-31,26.0,1,0
동작구청,2021-08-31,2021-08-31 20:59:46,2021-08-31 21:39:48,2021-08-31,40.0,1,0
동작구청,2021-08-31,2021-08-31 19:59:11,2021-08-31 20:39:12,2021-08-31,40.0,1,0
동작구청,2021-08-31,2021-08-31 18:46:17,2021-08-31 19:09:48,2021-08-31,23.0,1,0
동작구청,2021-08-31,2021-08-31 11:57:42,2021-08-31 12:37:44,2021-08-31,40.0,1,0
동작구청,2021-08-31,2021-08-31 11:20:49,2021-08-31 11:56:14,2021-08-31,35.0,1,0
동작구청,2021-08-31,2021-08-31 10:37:55,2021-08-31 11:11:45,2021-08-31,33.0,1,0
동작구청,2021-08-31,2021-08-31 07:26:40,2021-08-31 08:06:42,2021-08-31,40.0,1,0
동작구청,2021-08-31,2021-08-31 05:21:26,2021-08-31 06:01:27,2021-08-31,40.0,1,0
동작구청,2021-08-30,2021-08-30 22:58:59,2021-08-30 23:39:01,2021-08-30,40.0,0,0
동작구청,2021-08-30,2021-08-30 22:14:20,2021-08-30 22:30:01,2021-08-30,15.0,0,0
동작구청,2021-08-30,2021-08-30 21:32:09,2021-08-30 21:55:45,2021-08-30,23.0,0,0
동작구청,2021-08-30,2021-08-30 19:17:02,2021-08-30 19:53:59,2021-08-30,36.0,0,0
동작구청,2021-08-30,2021-08-30 18:35:23,2021-08-30 19:15:26,2021-08-30,40.0,0,0
동작구청,2021-08-30,2021-08-30 17:32:45,2021-08-30 18:12:47,2021-08-30,40.0,0,0
동작구청,2021-08-30,2021-08-30 16:50:33,2021-08-30 17:27:55,2021-08-30,37.0,0,0
동작구청,2021-08-30,2021-08-30 15:00:41,2021-08-30 15:40:42,2021-08-30,40.0,0,0
동작구청,2021-08-30,2021-08-30 11:54:49,2021-08-30 12:11:00,2021-08-30,16.0,0,0
동작구청,2021-08-30,2021-08-30 10:45:58,2021-08-30 11:10:02,2021-08-30,24.0,0,0
동작구청,2021-08-30,2021-08-30 09:58:21,2021-08-30 10:38:22,2021-08-30,40.0,0,0
동작구청,2021-08-29,2021-08-29 15:42:11,2021-08-29 16:07:16,2021-08-29,25.0,6,1
동작구청,2021-08-29,2021-08-29 14:33:54,2021-08-29 14:52:30,2021-08-29,18.0,6,1
동작구청,2021-08-29,2021-08-29 14:01:10,2021-08-29 14:09:10,2021-08-29,8.0,6,1
동작구청,2021-08-29,2021-08-29 11:30:59,2021-08-29 12:01:13,2021-08-29,30.0,6,1
동작구청,2021-08-29,2021-08-29 11:06:45,2021-08-29 11:22:35,2021-08-29,15.0,6,1
동작구청,2021-08-29,2021-08-29 10:18:00,2021-08-29 10:58:01,2021-08-29,40.0,6,1
동작구청,2021-08-29,2021-08-29 08:02:27,2021-08-29 08:42:28,2021-08-29,40.0,6,1
동작구청,2021-08-28,2021-08-28 21:00:24,2021-08-28 21:40:25,2021-08-28,40.0,5,1
동작구청,2021-08-28,2021-08-28 17:36:07,2021-08-28 17:56:55,2021-08-28,20.0,5,1
동작구청,2021-08-28,2021-08-28 14:37:24,2021-08-28 15:11:37,2021-08-28,34.0,5,1
동작구청,2021-08-28,2021-08-28 12:54:25,2021-08-28 13:34:26,2021-08-28,40.0,5,1
동작구청,2021-08-28,2021-08-28 10:58:15,2021-08-28 11:38:16,2021-08-28,40.0,5,1
동작구청,2021-08-28,2021-08-28 10:29:42,2021-08-28 10:55:29,2021-08-28,25.0,5,1
동작구청,2021-08-28,2021-08-28 05:51:15,2021-08-28 06:31:18,2021-08-28,40.0,5,1
동작구청,2021-08-28,2021-08-28 01:23:04,2021-08-28 01:32:19,2021-08-28,9.0,5,1
동작구청,2021-08-28,2021-08-28 00:58:52,2021-08-28 01:20:45,2021-08-28,21.0,5,1
동작구청,2021-08-28,2021-08-27 23:59:26,2021-08-28 00:39:27,2021-08-28,40.0,4,0
동작구청,2021-08-27,2021-08-27 21:22:43,2021-08-27 21:56:34,2021-08-27,33.0,4,0
동작구청,2021-08-27,2021-08-27 18:29:26,2021-08-27 19:09:27,2021-08-27,40.0,4,0
동작구청,2021-08-27,2021-08-27 17:28:49,2021-08-27 17:53:24,2021-08-27,24.0,4,0
동작구청,2021-08-27,2021-08-27 16:43:05,2021-08-27 17:23:06,2021-08-27,40.0,4,0
동작구청,2021-08-27,2021-08-27 16:01:29,2021-08-27 16:41:31,2021-08-27,40.0,4,0
동작구청,2021-08-27,2021-08-27 15:34:26,2021-08-27 16:00:15,2021-08-27,25.0,4,0
동작구청,2021-08-27,2021-08-27 15:16:23,2021-08-27 15:32:47,2021-08-27,16.0,4,0
동작구청,2021-08-27,2021-08-27 14:12:52,2021-08-27 14:25:48,2021-08-27,12.0,4,0
동작구청,2021-08-27,2021-08-27 12:23:26,2021-08-27 13:03:28,2021-08-27,40.0,4,0
동작구청,2021-08-27,2021-08-27 10:55:44,2021-08-27 11:11:57,2021-08-27,16.0,4,0
동작구청,2021-08-27,2021-08-27 09:14:20,2021-08-27 09:32:24,2021-08-27,18.0,4,0
동작구청,2021-08-27,2021-08-27 08:39:19,2021-08-27 09:13:23,2021-08-27,34.0,4,0
동작구청,2021-08-27,2021-08-27 05:35:35,2021-08-27 05:50:20,2021-08-27,14.0,4,0
동작구청,2021-08-26,2021-08-26 23:13:01,2021-08-26 23:24:32,2021-08-26,11.0,3,0
동작구청,2021-08-26,2021-08-26 22:24:29,2021-08-26 23:05:18,2021-08-26,40.0,3,0
동작구청,2021-08-26,2021-08-26 21:42:07,2021-08-26 22:22:08,2021-08-26,40.0,3,0
동작구청,2021-08-26,2021-08-26 19:14:09,2021-08-26 19:50:40,2021-08-26,36.0,3,0
동작구청,2021-08-26,2021-08-26 18:34:59,2021-08-26 19:07:13,2021-08-26,32.0,3,0
동작구청,2021-08-26,2021-08-26 16:52:37,2021-08-26 17:32:38,2021-08-26,40.0,3,0
동작구청,2021-08-26,2021-08-26 13:58:37,2021-08-26 14:10:41,2021-08-26,12.0,3,0
동작구청,2021-08-26,2021-08-26 10:41:07,2021-08-26 10:46:37,2021-08-26,5.0,3,0
동작구청,2021-08-26,2021-08-26 07:26:32,2021-08-26 08:03:04,2021-08-26,36.0,3,0
동작구청,2021-08-26,2021-08-26 03:12:10,2021-08-26 03:46:03,2021-08-26,33.0,3,0
동작구청,2021-08-26,2021-08-26 00:46:18,2021-08-26 01:24:13,2021-08-26,37.0,3,0
동작구청,2021-08-26,2021-08-26 00:04:43,2021-08-26 00:44:45,2021-08-26,40.0,3,0
동작구청,2021-08-25,2021-08-25 18:31:52,2021-08-25 19:11:54,2021-08-25,40.0,2,0
동작구청,2021-08-25,2021-08-25 15:29:34,2021-08-25 16:09:36,2021-08-25,40.0,2,0
동작구청,2021-08-25,2021-08-25 13:27:44,2021-08-25 13:37:35,2021-08-25,9.0,2,0
동작구청,2021-08-25,2021-08-25 10:32:26,2021-08-25 11:12:27,2021-08-25,40.0,2,0
동작구청,2021-08-25,2021-08-25 05:33:05,2021-08-25 06:13:07,2021-08-25,40.0,2,0
동작구청,2021-08-25,2021-08-25 05:13:20,2021-08-25 05:31:53,2021-08-25,18.0,2,0
동작구청,2021-08-24,2021-08-24 19:00:28,2021-08-24 19:40:29,2021-08-24,40.0,1,0
동작구청,2021-08-24,2021-08-24 17:28:20,2021-08-24 17:41:55,2021-08-24,13.0,1,0
동작구청,2021-08-24,2021-08-24 17:05:07,2021-08-24 17:20:57,2021-08-24,15.0,1,0
동작구청,2021-08-24,2021-08-24 16:43:05,2021-08-24 17:03:46,2021-08-24,20.0,1,0
동작구청,2021-08-24,2021-08-24 10:59:11,2021-08-24 11:39:13,2021-08-24,40.0,1,0
동작구청,2021-08-24,2021-08-24 10:14:21,2021-08-24 10:51:22,2021-08-24,37.0,1,0
동작구청,2021-08-24,2021-08-24 09:31:05,2021-08-24 10:01:42,2021-08-24,30.0,1,0
동작구청,2021-08-24,2021-08-24 07:50:05,2021-08-24 08:30:07,2021-08-24,40.0,1,0
동작구청,2021-08-23,2021-08-23 21:18:19,2021-08-23 21:36:59,2021-08-23,18.0,0,0
동작구청,2021-08-23,2021-08-23 18:56:04,2021-08-23 19:36:05,2021-08-23,40.0,0,0
동작구청,2021-08-23,2021-08-23 18:22:43,2021-08-23 18:45:39,2021-08-23,22.0,0,0
동작구청,2021-08-23,2021-08-23 16:42:13,2021-08-23 17:15:54,2021-08-23,33.0,0,0
동작구청,2021-08-23,2021-08-23 16:04:29,2021-08-23 16:36:42,2021-08-23,32.0,0,0
동작구청,2021-08-23,2021-08-23 13:40:06,2021-08-23 14:07:35,2021-08-23,27.0,0,0
동작구청,2021-08-23,2021-08-23 12:07:59,2021-08-23 12:48:02,2021-08-23,40.0,0,0
동작구청,2021-08-23,2021-08-23 11:25:17,2021-08-23 12:05:19,2021-08-23,40.0,0,0
동작구청,2021-08-23,2021-08-23 09:17:12,2021-08-23 09:36:35,2021-08-23,19.0,0,0
동작구청,2021-08-23,2021-08-23 08:29:43,2021-08-23 09:09:45,2021-08-23,40.0,0,0
동작구청,2021-08-22,2021-08-22 22:59:17,2021-08-22 23:39:02,2021-08-22,39.0,6,1
동작구청,2021-08-22,2021-08-22 14:24:43,2021-08-22 14:32:40,2021-08-22,7.0,6,1
동작구청,2021-08-22,2021-08-22 11:43:42,2021-08-22 12:23:43,2021-08-22,40.0,6,1
동작구청,2021-08-22,2021-08-22 11:15:51,2021-08-22 11:38:02,2021-08-22,22.0,6,1
동작구청,2021-08-22,2021-08-22 07:56:10,2021-08-22 08:18:32,2021-08-22,22.0,6,1
동작구청,2021-08-21,2021-08-21 22:56:48,2021-08-21 23:36:49,2021-08-21,40.0,5,1
동작구청,2021-08-21,2021-08-21 19:42:09,2021-08-21 20:07:40,2021-08-21,25.0,5,1
동작구청,2021-08-21,2021-08-21 16:42:06,2021-08-21 17:22:08,2021-08-21,40.0,5,1
동작구청,2021-08-21,2021-08-21 16:17:19,2021-08-21 16:41:01,2021-08-21,23.0,5,1
동작구청,2021-08-21,2021-08-21 14:14:30,2021-08-21 14:39:47,2021-08-21,25.0,5,1
동작구청,2021-08-21,2021-08-21 11:57:21,2021-08-21 12:37:22,2021-08-21,40.0,5,1
동작구청,2021-08-21,2021-08-21 02:01:05,2021-08-21 02:16:05,2021-08-21,15.0,5,1
동작구청,2021-08-21,2021-08-21 01:19:46,2021-08-21 01:59:48,2021-08-21,40.0,5,1
동작구청,2021-08-20,2021-08-20 21:28:52,2021-08-20 21:55:28,2021-08-20,26.0,4,0
동작구청,2021-08-20,2021-08-20 20:39:49,2021-08-20 21:19:51,2021-08-20,40.0,4,0
동작구청,2021-08-20,2021-08-20 19:32:34,2021-08-20 20:08:59,2021-08-20,36.0,4,0
동작구청,2021-08-20,2021-08-20 18:27:02,2021-08-20 19:07:04,2021-08-20,40.0,4,0
동작구청,2021-08-20,2021-08-20 17:08:35,2021-08-20 17:48:37,2021-08-20,40.0,4,0
동작구청,2021-08-20,2021-08-20 16:27:18,2021-08-20 16:35:11,2021-08-20,7.0,4,0
동작구청,2021-08-20,2021-08-20 14:28:36,2021-08-20 14:53:04,2021-08-20,24.0,4,0
동작구청,2021-08-20,2021-08-20 12:52:41,2021-08-20 13:12:44,2021-08-20,20.0,4,0
동작구청,2021-08-20,2021-08-20 12:11:26,2021-08-20 12:51:28,2021-08-20,40.0,4,0
동작구청,2021-08-20,2021-08-20 08:43:55,2021-08-20 09:23:57,2021-08-20,40.0,4,0
동작구청,2021-08-20,2021-08-20 00:16:36,2021-08-20 00:34:16,2021-08-20,17.0,4,0
동작구청,2021-08-20,2021-08-19 23:35:26,2021-08-20 00:15:28,2021-08-20,40.0,3,0
동작구청,2021-08-19,2021-08-19 19:22:00,2021-08-19 20:02:02,2021-08-19,40.0,3,0
동작구청,2021-08-19,2021-08-19 18:30:04,2021-08-19 19:01:59,2021-08-19,31.0,3,0
동작구청,2021-08-19,2021-08-19 17:13:24,2021-08-19 17:50:40,2021-08-19,37.0,3,0
동작구청,2021-08-19,2021-08-19 16:25:23,2021-08-19 16:35:51,2021-08-19,10.0,3,0
동작구청,2021-08-19,2021-08-19 14:59:19,2021-08-19 15:39:20,2021-08-19,40.0,3,0
동작구청,2021-08-19,2021-08-19 12:23:47,2021-08-19 13:03:48,2021-08-19,40.0,3,0
동작구청,2021-08-19,2021-08-19 10:52:17,2021-08-19 11:22:18,2021-08-19,30.0,3,0
동작구청,2021-08-19,2021-08-19 09:26:54,2021-08-19 09:50:14,2021-08-19,23.0,3,0
동작구청,2021-08-19,2021-08-19 09:11:07,2021-08-19 09:22:20,2021-08-19,11.0,3,0
동작구청,2021-08-19,2021-08-19 07:48:23,2021-08-19 08:25:25,2021-08-19,37.0,3,0
동작구청,2021-08-19,2021-08-19 07:01:41,2021-08-19 07:41:41,2021-08-19,40.0,3,0
동작구청,2021-08-19,2021-08-19 03:46:53,2021-08-19 04:03:47,2021-08-19,16.0,3,0
동작구청,2021-08-19,2021-08-19 03:05:37,2021-08-19 03:45:38,2021-08-19,40.0,3,0
동작구청,2021-08-18,2021-08-18 21:00:42,2021-08-18 21:24:45,2021-08-18,24.0,2,0
동작구청,2021-08-18,2021-08-18 20:05:02,2021-08-18 20:18:11,2021-08-18,13.0,2,0
동작구청,2021-08-18,2021-08-18 19:38:07,2021-08-18 19:58:17,2021-08-18,20.0,2,0
동작구청,2021-08-18,2021-08-18 18:34:42,2021-08-18 19:14:44,2021-08-18,40.0,2,0
동작구청,2021-08-18,2021-08-18 17:09:40,2021-08-18 17:47:11,2021-08-18,37.0,2,0
동작구청,2021-08-18,2021-08-18 16:45:26,2021-08-18 16:59:54,2021-08-18,14.0,2,0
동작구청,2021-08-18,2021-08-18 12:54:58,2021-08-18 13:34:59,2021-08-18,40.0,2,0
동작구청,2021-08-18,2021-08-18 10:22:32,2021-08-18 10:46:20,2021-08-18,23.0,2,0
동작구청,2021-08-18,2021-08-18 07:37:23,2021-08-18 07:47:32,2021-08-18,10.0,2,0
동작구청,2021-08-18,2021-08-18 06:55:58,2021-08-18 07:35:59,2021-08-18,40.0,2,0
동작구청,2021-08-18,2021-08-18 02:13:48,2021-08-18 02:53:50,2021-08-18,40.0,2,0
동작구청,2021-08-18,2021-08-18 01:32:39,2021-08-18 02:12:41,2021-08-18,40.0,2,0
동작구청,2021-08-17,2021-08-17 20:21:23,2021-08-17 20:37:04,2021-08-17,15.0,1,0
동작구청,2021-08-17,2021-08-17 19:20:49,2021-08-17 20:00:51,2021-08-17,40.0,1,0
동작구청,2021-08-17,2021-08-17 18:28:35,2021-08-17 19:06:26,2021-08-17,37.0,1,0
동작구청,2021-08-17,2021-08-17 17:26:12,2021-08-17 18:05:30,2021-08-17,39.0,1,0
동작구청,2021-08-17,2021-08-17 16:47:15,2021-08-17 17:24:32,2021-08-17,37.0,1,0
동작구청,2021-08-17,2021-08-17 15:40:06,2021-08-17 16:39:20,2021-08-17,59.0,1,0
동작구청,2021-08-17,2021-08-17 14:53:59,2021-08-17 15:34:00,2021-08-17,40.0,1,0
동작구청,2021-08-17,2021-08-17 13:06:19,2021-08-17 13:46:21,2021-08-17,40.0,1,0
동작구청,2021-08-17,2021-08-17 10:45:47,2021-08-17 11:25:49,2021-08-17,40.0,1,0
동작구청,2021-08-17,2021-08-17 10:03:20,2021-08-17 10:43:22,2021-08-17,40.0,1,0
동작구청,2021-08-17,2021-08-17 09:39:21,2021-08-17 09:56:36,2021-08-17,17.0,1,0
동작구청,2021-08-17,2021-08-16 23:41:33,2021-08-17 00:21:30,2021-08-17,39.0,0,0
동작구청,2021-08-16,2021-08-16 22:43:10,2021-08-16 23:23:12,2021-08-16,40.0,0,0
동작구청,2021-08-16,2021-08-16 20:27:19,2021-08-16 21:07:21,2021-08-16,40.0,0,0
동작구청,2021-08-16,2021-08-16 19:45:57,2021-08-16 20:25:58,2021-08-16,40.0,0,0
동작구청,2021-08-16,2021-08-16 18:19:24,2021-08-16 18:37:27,2021-08-16,18.0,0,0
동작구청,2021-08-16,2021-08-16 16:35:28,2021-08-16 16:54:09,2021-08-16,18.0,0,0
동작구청,2021-08-16,2021-08-16 15:21:49,2021-08-16 16:01:50,2021-08-16,40.0,0,0
동작구청,2021-08-16,2021-08-16 14:36:35,2021-08-16 15:16:36,2021-08-16,40.0,0,0
동작구청,2021-08-16,2021-08-16 11:05:21,2021-08-16 11:28:02,2021-08-16,22.0,0,0
동작구청,2021-08-16,2021-08-16 10:06:32,2021-08-16 10:16:35,2021-08-16,10.0,0,0
동작구청,2021-08-16,2021-08-16 09:24:12,2021-08-16 10:04:13,2021-08-16,40.0,0,0
동작구청,2021-08-16,2021-08-16 07:32:01,2021-08-16 08:12:02,2021-08-16,40.0,0,0
동작구청,2021-08-16,2021-08-16 00:48:26,2021-08-16 01:28:27,2021-08-16,40.0,0,0
동작구청,2021-08-15,2021-08-15 19:48:36,2021-08-15 20:28:38,2021-08-15,40.0,6,1
동작구청,2021-08-15,2021-08-15 18:44:43,2021-08-15 19:24:45,2021-08-15,40.0,6,1
동작구청,2021-08-15,2021-08-15 17:45:45,2021-08-15 18:25:46,2021-08-15,40.0,6,1
동작구청,2021-08-15,2021-08-15 15:52:37,2021-08-15 16:05:59,2021-08-15,13.0,6,1
동작구청,2021-08-15,2021-08-15 14:22:34,2021-08-15 14:38:10,2021-08-15,15.0,6,1
동작구청,2021-08-15,2021-08-15 13:36:23,2021-08-15 14:16:26,2021-08-15,40.0,6,1
동작구청,2021-08-15,2021-08-15 12:48:39,2021-08-15 13:28:41,2021-08-15,40.0,6,1
동작구청,2021-08-15,2021-08-15 08:43:26,2021-08-15 09:23:27,2021-08-15,40.0,6,1
동작구청,2021-08-15,2021-08-15 05:55:04,2021-08-15 06:28:34,2021-08-15,33.0,6,1
동작구청,2021-08-15,2021-08-15 05:13:35,2021-08-15 05:53:36,2021-08-15,40.0,6,1
동작구청,2021-08-15,2021-08-15 01:43:55,2021-08-15 02:21:08,2021-08-15,37.0,6,1
동작구청,2021-08-14,2021-08-14 21:55:10,2021-08-14 22:35:11,2021-08-14,40.0,5,1
동작구청,2021-08-14,2021-08-14 20:06:31,2021-08-14 20:16:57,2021-08-14,10.0,5,1
동작구청,2021-08-14,2021-08-14 19:25:09,2021-08-14 20:05:11,2021-08-14,40.0,5,1
동작구청,2021-08-14,2021-08-14 16:09:16,2021-08-14 16:38:10,2021-08-14,28.0,5,1
동작구청,2021-08-14,2021-08-14 15:19:55,2021-08-14 15:59:59,2021-08-14,40.0,5,1
동작구청,2021-08-14,2021-08-14 14:22:38,2021-08-14 15:02:39,2021-08-14,40.0,5,1
동작구청,2021-08-14,2021-08-14 12:35:41,2021-08-14 13:08:10,2021-08-14,32.0,5,1
동작구청,2021-08-14,2021-08-14 09:37:32,2021-08-14 09:50:58,2021-08-14,13.0,5,1
동작구청,2021-08-14,2021-08-14 08:53:59,2021-08-14 09:34:01,2021-08-14,40.0,5,1
동작구청,2021-08-14,2021-08-14 08:02:02,2021-08-14 08:42:04,2021-08-14,40.0,5,1
동작구청,2021-08-13,2021-08-13 21:21:26,2021-08-13 22:01:27,2021-08-13,40.0,4,0
동작구청,2021-08-13,2021-08-13 20:36:48,2021-08-13 21:16:51,2021-08-13,40.0,4,0
동작구청,2021-08-13,2021-08-13 19:43:24,2021-08-13 20:23:27,2021-08-13,40.0,4,0
동작구청,2021-08-13,2021-08-13 18:30:02,2021-08-13 19:10:04,2021-08-13,40.0,4,0
동작구청,2021-08-13,2021-08-13 16:44:23,2021-08-13 17:41:49,2021-08-13,57.0,4,0
동작구청,2021-08-13,2021-08-13 16:02:53,2021-08-13 16:42:55,2021-08-13,40.0,4,0
동작구청,2021-08-13,2021-08-13 13:44:51,2021-08-13 14:24:53,2021-08-13,40.0,4,0
동작구청,2021-08-13,2021-08-13 13:22:24,2021-08-13 13:35:01,2021-08-13,12.0,4,0
동작구청,2021-08-13,2021-08-13 12:39:19,2021-08-13 13:19:21,2021-08-13,40.0,4,0
동작구청,2021-08-13,2021-08-13 08:28:55,2021-08-13 09:08:56,2021-08-13,40.0,4,0
동작구청,2021-08-13,2021-08-13 02:05:17,2021-08-13 02:45:18,2021-08-13,40.0,4,0
동작구청,2021-08-12,2021-08-12 21:39:06,2021-08-12 22:13:04,2021-08-12,33.0,3,0
동작구청,2021-08-12,2021-08-12 20:33:06,2021-08-12 21:13:08,2021-08-12,40.0,3,0
동작구청,2021-08-12,2021-08-12 19:36:32,2021-08-12 20:16:34,2021-08-12,40.0,3,0
동작구청,2021-08-12,2021-08-12 19:14:43,2021-08-12 19:33:25,2021-08-12,18.0,3,0
동작구청,2021-08-12,2021-08-12 18:32:28,2021-08-12 19:12:30,2021-08-12,40.0,3,0
동작구청,2021-08-12,2021-08-12 17:30:27,2021-08-12 17:52:07,2021-08-12,21.0,3,0
동작구청,2021-08-12,2021-08-12 17:10:55,2021-08-12 17:25:29,2021-08-12,14.0,3,0
동작구청,2021-08-12,2021-08-12 16:26:56,2021-08-12 17:06:58,2021-08-12,40.0,3,0
동작구청,2021-08-12,2021-08-12 14:40:58,2021-08-12 15:09:29,2021-08-12,28.0,3,0
동작구청,2021-08-12,2021-08-12 13:11:08,2021-08-12 13:48:10,2021-08-12,37.0,3,0
동작구청,2021-08-12,2021-08-12 10:57:30,2021-08-12 11:13:15,2021-08-12,15.0,3,0
동작구청,2021-08-12,2021-08-12 09:26:41,2021-08-12 10:04:52,2021-08-12,38.0,3,0
동작구청,2021-08-12,2021-08-12 08:01:59,2021-08-12 08:42:00,2021-08-12,40.0,3,0
동작구청,2021-08-11,2021-08-11 20:25:11,2021-08-11 21:05:12,2021-08-11,40.0,2,0
동작구청,2021-08-11,2021-08-11 19:29:41,2021-08-11 19:43:34,2021-08-11,13.0,2,0
동작구청,2021-08-11,2021-08-11 18:26:54,2021-08-11 19:06:56,2021-08-11,40.0,2,0
동작구청,2021-08-11,2021-08-11 16:32:05,2021-08-11 17:18:45,2021-08-11,46.0,2,0
동작구청,2021-08-11,2021-08-11 12:52:12,2021-08-11 13:31:14,2021-08-11,39.0,2,0
동작구청,2021-08-11,2021-08-11 11:04:03,2021-08-11 11:47:00,2021-08-11,42.0,2,0
동작구청,2021-08-11,2021-08-11 09:32:59,2021-08-11 10:16:26,2021-08-11,43.0,2,0
동작구청,2021-08-11,2021-08-11 08:56:54,2021-08-11 09:31:02,2021-08-11,34.0,2,0
동작구청,2021-08-11,2021-08-11 08:09:52,2021-08-11 08:54:19,2021-08-11,44.0,2,0
동작구청,2021-08-11,2021-08-11 02:22:13,2021-08-11 03:11:23,2021-08-11,49.0,2,0
동작구청,2021-08-11,2021-08-11 00:57:30,2021-08-11 01:49:30,2021-08-11,52.0,2,0
동작구청,2021-08-11,2021-08-11 00:31:10,2021-08-11 00:45:07,2021-08-11,13.0,2,0
동작구청,2021-08-10,2021-08-10 22:14:31,2021-08-10 23:41:34,2021-08-10,87.0,1,0
동작구청,2021-08-10,2021-08-10 19:40:53,2021-08-10 20:41:54,2021-08-10,61.0,1,0
동작구청,2021-08-10,2021-08-10 18:45:55,2021-08-10 19:33:50,2021-08-10,47.0,1,0
동작구청,2021-08-10,2021-08-10 16:50:39,2021-08-10 17:17:20,2021-08-10,26.0,1,0
동작구청,2021-08-10,2021-08-10 13:38:55,2021-08-10 14:52:24,2021-08-10,73.0,1,0
동작구청,2021-08-10,2021-08-10 11:11:58,2021-08-10 12:56:43,2021-08-10,104.0,1,0
동작구청,2021-08-10,2021-08-10 09:52:29,2021-08-10 10:18:03,2021-08-10,25.0,1,0
동작구청,2021-08-10,2021-08-10 08:39:41,2021-08-10 09:25:08,2021-08-10,45.0,1,0
동작구청,2021-08-10,2021-08-10 07:59:11,2021-08-10 08:38:37,2021-08-10,39.0,1,0
동작구청,2021-08-10,2021-08-10 06:36:36,2021-08-10 07:58:27,2021-08-10,81.0,1,0
동작구청,2021-08-10,2021-08-10 05:16:19,2021-08-10 06:03:33,2021-08-10,47.0,1,0
동작구청,2021-08-10,2021-08-10 00:36:27,2021-08-10 01:15:01,2021-08-10,38.0,1,0
동작구청,2021-08-09,2021-08-09 22:20:43,2021-08-09 23:04:03,2021-08-09,43.0,0,0
동작구청,2021-08-09,2021-08-09 19:40:07,2021-08-09 20:06:27,2021-08-09,26.0,0,0
동작구청,2021-08-09,2021-08-09 18:26:07,2021-08-09 19:31:09,2021-08-09,65.0,0,0
동작구청,2021-08-09,2021-08-09 16:26:02,2021-08-09 17:46:44,2021-08-09,80.0,0,0
동작구청,2021-08-09,2021-08-09 15:12:33,2021-08-09 16:09:06,2021-08-09,56.0,0,0
동작구청,2021-08-09,2021-08-09 13:23:33,2021-08-09 14:04:54,2021-08-09,41.0,0,0
동작구청,2021-08-09,2021-08-09 12:43:17,2021-08-09 13:22:30,2021-08-09,39.0,0,0
동작구청,2021-08-09,2021-08-09 09:30:00,2021-08-09 10:06:05,2021-08-09,36.0,0,0
동작구청,2021-08-08,2021-08-08 23:25:17,2021-08-08 23:47:19,2021-08-08,22.0,6,1
동작구청,2021-08-08,2021-08-08 22:20:53,2021-08-08 22:43:24,2021-08-08,22.0,6,1
동작구청,2021-08-08,2021-08-08 20:37:35,2021-08-08 21:02:35,2021-08-08,25.0,6,1
동작구청,2021-08-08,2021-08-08 17:25:00,2021-08-08 18:51:37,2021-08-08,86.0,6,1
동작구청,2021-08-08,2021-08-08 14:34:07,2021-08-08 14:55:58,2021-08-08,21.0,6,1
동작구청,2021-08-08,2021-08-08 10:39:37,2021-08-08 12:38:01,2021-08-08,118.0,6,1
동작구청,2021-08-08,2021-08-08 09:30:03,2021-08-08 10:25:13,2021-08-08,55.0,6,1
동작구청,2021-08-08,2021-08-08 09:07:04,2021-08-08 09:28:09,2021-08-08,21.0,6,1
동작구청,2021-08-08,2021-08-08 06:11:20,2021-08-08 07:52:20,2021-08-08,101.0,6,1
동작구청,2021-08-08,2021-08-08 02:29:25,2021-08-08 03:19:32,2021-08-08,50.0,6,1
동작구청,2021-08-07,2021-08-07 22:58:02,2021-08-07 23:50:10,2021-08-07,52.0,5,1
동작구청,2021-08-07,2021-08-07 20:20:20,2021-08-07 21:23:37,2021-08-07,63.0,5,1
동작구청,2021-08-07,2021-08-07 19:23:18,2021-08-07 20:17:43,2021-08-07,54.0,5,1
동작구청,2021-08-07,2021-08-07 17:47:48,2021-08-07 18:11:21,2021-08-07,23.0,5,1
동작구청,2021-08-07,2021-08-07 11:40:47,2021-08-07 12:59:20,2021-08-07,78.0,5,1
동작구청,2021-08-07,2021-08-07 11:24:40,2021-08-07 11:39:59,2021-08-07,15.0,5,1
동작구청,2021-08-06,2021-08-06 18:30:10,2021-08-06 19:53:12,2021-08-06,83.0,4,0
동작구청,2021-08-06,2021-08-06 17:09:03,2021-08-06 17:37:19,2021-08-06,28.0,4,0
동작구청,2021-08-06,2021-08-06 16:04:09,2021-08-06 17:05:29,2021-08-06,61.0,4,0
동작구청,2021-08-06,2021-08-06 12:21:56,2021-08-06 13:44:34,2021-08-06,82.0,4,0
동작구청,2021-08-06,2021-08-06 10:35:02,2021-08-06 12:08:13,2021-08-06,93.0,4,0
동작구청,2021-08-06,2021-08-06 10:10:28,2021-08-06 10:32:30,2021-08-06,22.0,4,0
동작구청,2021-08-06,2021-08-06 07:49:00,2021-08-06 08:50:06,2021-08-06,61.0,4,0
동작구청,2021-08-06,2021-08-06 03:34:22,2021-08-06 04:22:13,2021-08-06,47.0,4,0
동작구청,2021-08-06,2021-08-06 01:52:10,2021-08-06 02:44:14,2021-08-06,52.0,4,0
동작구청,2021-08-05,2021-08-05 22:52:10,2021-08-05 23:03:22,2021-08-05,11.0,3,0
동작구청,2021-08-05,2021-08-05 21:24:34,2021-08-05 22:05:23,2021-08-05,40.0,3,0
동작구청,2021-08-05,2021-08-05 17:45:49,2021-08-05 17:56:18,2021-08-05,10.0,3,0
동작구청,2021-08-05,2021-08-05 16:34:46,2021-08-05 17:43:17,2021-08-05,68.0,3,0
동작구청,2021-08-05,2021-08-05 14:07:57,2021-08-05 14:37:47,2021-08-05,29.0,3,0
동작구청,2021-08-05,2021-08-05 11:57:42,2021-08-05 12:37:15,2021-08-05,39.0,3,0
동작구청,2021-08-05,2021-08-05 10:14:47,2021-08-05 11:33:12,2021-08-05,78.0,3,0
동작구청,2021-08-05,2021-08-05 08:36:42,2021-08-05 09:25:04,2021-08-05,48.0,3,0
동작구청,2021-08-05,2021-08-05 00:45:52,2021-08-05 01:37:08,2021-08-05,51.0,3,0
동작구청,2021-08-04,2021-08-04 18:26:50,2021-08-04 19:25:09,2021-08-04,58.0,2,0
동작구청,2021-08-04,2021-08-04 17:07:22,2021-08-04 17:21:50,2021-08-04,14.0,2,0
동작구청,2021-08-04,2021-08-04 16:39:06,2021-08-04 17:03:33,2021-08-04,24.0,2,0
동작구청,2021-08-04,2021-08-04 15:17:26,2021-08-04 15:25:40,2021-08-04,8.0,2,0
동작구청,2021-08-04,2021-08-04 14:14:28,2021-08-04 14:59:06,2021-08-04,44.0,2,0
동작구청,2021-08-04,2021-08-04 13:28:02,2021-08-04 14:05:24,2021-08-04,37.0,2,0
동작구청,2021-08-04,2021-08-04 09:44:24,2021-08-04 10:19:25,2021-08-04,35.0,2,0
동작구청,2021-08-04,2021-08-04 08:32:02,2021-08-04 08:59:03,2021-08-04,27.0,2,0
동작구청,2021-08-04,2021-08-04 08:04:52,2021-08-04 08:30:25,2021-08-04,25.0,2,0
동작구청,2021-08-04,2021-08-04 07:20:29,2021-08-04 07:34:56,2021-08-04,14.0,2,0
동작구청,2021-08-04,2021-08-04 07:03:03,2021-08-04 07:17:52,2021-08-04,14.0,2,0
동작구청,2021-08-04,2021-08-04 03:05:57,2021-08-04 03:59:14,2021-08-04,53.0,2,0
동작구청,2021-08-04,2021-08-03 23:18:47,2021-08-04 00:08:07,2021-08-04,49.0,1,0
동작구청,2021-08-03,2021-08-03 20:44:15,2021-08-03 22:34:18,2021-08-03,110.0,1,0
동작구청,2021-08-03,2021-08-03 18:51:16,2021-08-03 19:38:15,2021-08-03,46.0,1,0
동작구청,2021-08-03,2021-08-03 17:57:07,2021-08-03 18:48:49,2021-08-03,51.0,1,0
동작구청,2021-08-03,2021-08-03 17:01:56,2021-08-03 17:41:31,2021-08-03,39.0,1,0
동작구청,2021-08-03,2021-08-03 16:27:17,2021-08-03 16:59:13,2021-08-03,31.0,1,0
동작구청,2021-08-03,2021-08-03 15:57:15,2021-08-03 16:12:57,2021-08-03,15.0,1,0
동작구청,2021-08-03,2021-08-03 15:03:34,2021-08-03 15:18:44,2021-08-03,15.0,1,0
동작구청,2021-08-03,2021-08-03 09:48:54,2021-08-03 10:13:10,2021-08-03,24.0,1,0
동작구청,2021-08-03,2021-08-03 07:58:38,2021-08-03 09:22:58,2021-08-03,84.0,1,0
동작구청,2021-08-03,2021-08-03 02:04:44,2021-08-03 02:41:50,2021-08-03,37.0,1,0
동작구청,2021-08-02,2021-08-02 20:28:37,2021-08-02 21:11:02,2021-08-02,42.0,0,0
동작구청,2021-08-02,2021-08-02 18:24:11,2021-08-02 19:13:59,2021-08-02,49.0,0,0
동작구청,2021-08-02,2021-08-02 17:36:53,2021-08-02 17:42:03,2021-08-02,5.0,0,0
동작구청,2021-08-02,2021-08-02 16:37:36,2021-08-02 16:52:00,2021-08-02,14.0,0,0
동작구청,2021-08-02,2021-08-02 15:05:52,2021-08-02 15:54:17,2021-08-02,48.0,0,0
동작구청,2021-08-02,2021-08-02 13:48:24,2021-08-02 14:31:08,2021-08-02,42.0,0,0
동작구청,2021-08-02,2021-08-02 11:36:49,2021-08-02 11:43:56,2021-08-02,7.0,0,0
동작구청,2021-08-02,2021-08-02 10:42:44,2021-08-02 11:09:10,2021-08-02,26.0,0,0
동작구청,2021-08-02,2021-08-02 07:19:53,2021-08-02 09:39:32,2021-08-02,139.0,0,0
동작구청,2021-08-02,2021-08-01 23:51:49,2021-08-02 00:44:45,2021-08-02,52.0,6,1
동작구청,2021-08-01,2021-08-01 12:42:08,2021-08-01 13:23:49,2021-08-01,41.0,6,1
동작구청,2021-08-01,2021-08-01 10:10:28,2021-08-01 11:08:35,2021-08-01,58.0,6,1
동작구청,2021-08-01,2021-08-01 08:42:28,2021-08-01 09:12:26,2021-08-01,29.0,6,1
동작구청,2021-08-01,2021-08-01 08:30:07,2021-08-01 08:38:40,2021-08-01,8.0,6,1
동작구청,2021-08-01,2021-08-01 07:20:00,2021-08-01 07:53:58,2021-08-01,33.0,6,1
동작구청,2021-08-01,2021-08-01 00:42:31,2021-08-01 01:08:47,2021-08-01,26.0,6,1
동작구청,2021-07-31,2021-07-31 22:54:13,2021-07-31 23:32:38,2021-07-31,38.0,5,1
동작구청,2021-07-31,2021-07-31 19:20:17,2021-07-31 19:42:36,2021-07-31,22.0,5,1
동작구청,2021-07-31,2021-07-31 16:50:23,2021-07-31 19:12:44,2021-07-31,142.0,5,1
동작구청,2021-07-31,2021-07-31 14:42:03,2021-07-31 15:31:02,2021-07-31,48.0,5,1
동작구청,2021-07-31,2021-07-31 13:31:46,2021-07-31 14:19:16,2021-07-31,47.0,5,1
동작구청,2021-07-31,2021-07-31 12:33:27,2021-07-31 13:27:50,2021-07-31,54.0,5,1
동작구청,2021-07-31,2021-07-31 08:48:21,2021-07-31 09:28:51,2021-07-31,40.0,5,1
동작구청,2021-07-31,2021-07-31 01:13:00,2021-07-31 02:06:03,2021-07-31,53.0,5,1
동작구청,2021-07-30,2021-07-30 22:19:06,2021-07-30 23:15:13,2021-07-30,56.0,4,0
동작구청,2021-07-30,2021-07-30 20:12:47,2021-07-30 21:01:04,2021-07-30,48.0,4,0
동작구청,2021-07-30,2021-07-30 19:20:52,2021-07-30 20:07:45,2021-07-30,46.0,4,0
동작구청,2021-07-30,2021-07-30 17:49:36,2021-07-30 18:49:26,2021-07-30,59.0,4,0
동작구청,2021-07-30,2021-07-30 17:13:09,2021-07-30 17:28:23,2021-07-30,15.0,4,0
동작구청,2021-07-30,2021-07-30 16:35:28,2021-07-30 16:56:20,2021-07-30,20.0,4,0
동작구청,2021-07-30,2021-07-30 15:36:12,2021-07-30 15:54:00,2021-07-30,17.0,4,0
동작구청,2021-07-30,2021-07-30 14:48:30,2021-07-30 15:22:05,2021-07-30,33.0,4,0
동작구청,2021-07-30,2021-07-30 13:01:57,2021-07-30 13:17:06,2021-07-30,15.0,4,0
동작구청,2021-07-30,2021-07-30 11:43:53,2021-07-30 12:13:07,2021-07-30,29.0,4,0
동작구청,2021-07-30,2021-07-30 10:15:42,2021-07-30 10:47:57,2021-07-30,32.0,4,0
동작구청,2021-07-30,2021-07-30 07:45:02,2021-07-30 08:23:56,2021-07-30,38.0,4,0
동작구청,2021-07-30,2021-07-30 00:11:36,2021-07-30 01:00:02,2021-07-30,48.0,4,0
동작구청,2021-07-29,2021-07-29 20:56:08,2021-07-29 21:11:21,2021-07-29,15.0,3,0
동작구청,2021-07-29,2021-07-29 16:28:20,2021-07-29 17:58:05,2021-07-29,89.0,3,0
동작구청,2021-07-29,2021-07-29 13:13:27,2021-07-29 13:51:30,2021-07-29,38.0,3,0
동작구청,2021-07-29,2021-07-29 12:34:58,2021-07-29 13:12:01,2021-07-29,37.0,3,0
동작구청,2021-07-29,2021-07-29 10:09:34,2021-07-29 10:40:23,2021-07-29,30.0,3,0
동작구청,2021-07-29,2021-07-29 09:30:38,2021-07-29 09:55:21,2021-07-29,24.0,3,0
동작구청,2021-07-29,2021-07-29 06:22:25,2021-07-29 07:54:36,2021-07-29,92.0,3,0
동작구청,2021-07-29,2021-07-29 03:46:09,2021-07-29 04:20:02,2021-07-29,33.0,3,0
동작구청,2021-07-28,2021-07-28 22:04:32,2021-07-28 22:33:38,2021-07-28,29.0,2,0
동작구청,2021-07-28,2021-07-28 19:33:57,2021-07-28 19:59:14,2021-07-28,25.0,2,0
동작구청,2021-07-28,2021-07-28 18:35:28,2021-07-28 19:31:31,2021-07-28,56.0,2,0
동작구청,2021-07-28,2021-07-28 16:05:54,2021-07-28 17:22:33,2021-07-28,76.0,2,0
동작구청,2021-07-28,2021-07-28 15:26:08,2021-07-28 16:03:50,2021-07-28,37.0,2,0
동작구청,2021-07-28,2021-07-28 12:17:07,2021-07-28 12:42:12,2021-07-28,25.0,2,0
동작구청,2021-07-28,2021-07-28 09:18:37,2021-07-28 10:48:12,2021-07-28,89.0,2,0
동작구청,2021-07-28,2021-07-28 08:14:12,2021-07-28 09:09:15,2021-07-28,55.0,2,0
동작구청,2021-07-28,2021-07-28 05:19:53,2021-07-28 05:41:30,2021-07-28,21.0,2,0
동작구청,2021-07-28,2021-07-28 05:06:04,2021-07-28 05:18:54,2021-07-28,12.0,2,0
동작구청,2021-07-27,2021-07-27 22:45:05,2021-07-27 23:21:54,2021-07-27,36.0,1,0
동작구청,2021-07-27,2021-07-27 20:30:58,2021-07-27 21:16:37,2021-07-27,45.0,1,0
동작구청,2021-07-27,2021-07-27 19:20:39,2021-07-27 20:23:46,2021-07-27,63.0,1,0
동작구청,2021-07-27,2021-07-27 18:21:58,2021-07-27 19:10:43,2021-07-27,48.0,1,0
동작구청,2021-07-27,2021-07-27 17:23:53,2021-07-27 17:45:16,2021-07-27,21.0,1,0
동작구청,2021-07-27,2021-07-27 15:40:19,2021-07-27 16:52:21,2021-07-27,72.0,1,0
동작구청,2021-07-27,2021-07-27 14:53:04,2021-07-27 15:34:58,2021-07-27,41.0,1,0
동작구청,2021-07-27,2021-07-27 14:41:49,2021-07-27 14:46:58,2021-07-27,5.0,1,0
동작구청,2021-07-27,2021-07-27 10:09:50,2021-07-27 10:46:54,2021-07-27,37.0,1,0
동작구청,2021-07-27,2021-07-27 07:52:55,2021-07-27 08:53:09,2021-07-27,60.0,1,0
동작구청,2021-07-27,2021-07-26 23:30:36,2021-07-27 00:23:37,2021-07-27,53.0,0,0
동작구청,2021-07-26,2021-07-26 19:59:53,2021-07-26 21:10:24,2021-07-26,70.0,0,0
동작구청,2021-07-26,2021-07-26 18:13:44,2021-07-26 19:55:27,2021-07-26,101.0,0,0
동작구청,2021-07-26,2021-07-26 16:53:05,2021-07-26 17:18:31,2021-07-26,25.0,0,0
동작구청,2021-07-26,2021-07-26 15:14:13,2021-07-26 15:27:10,2021-07-26,12.0,0,0
동작구청,2021-07-26,2021-07-26 13:15:24,2021-07-26 15:10:44,2021-07-26,115.0,0,0
동작구청,2021-07-26,2021-07-26 12:49:58,2021-07-26 13:10:28,2021-07-26,20.0,0,0
동작구청,2021-07-26,2021-07-26 11:31:27,2021-07-26 12:33:25,2021-07-26,61.0,0,0
동작구청,2021-07-26,2021-07-26 10:22:23,2021-07-26 11:18:36,2021-07-26,56.0,0,0
동작구청,2021-07-26,2021-07-26 09:45:26,2021-07-26 10:14:46,2021-07-26,29.0,0,0
동작구청,2021-07-26,2021-07-26 08:29:53,2021-07-26 09:03:04,2021-07-26,33.0,0,0
동작구청,2021-07-26,2021-07-26 02:04:17,2021-07-26 02:41:25,2021-07-26,37.0,0,0
동작구청,2021-07-26,2021-07-26 01:35:40,2021-07-26 02:03:29,2021-07-26,27.0,0,0
동작구청,2021-07-25,2021-07-25 21:55:57,2021-07-25 22:52:55,2021-07-25,56.0,6,1
동작구청,2021-07-25,2021-07-25 16:19:41,2021-07-25 17:12:13,2021-07-25,52.0,6,1
동작구청,2021-07-25,2021-07-25 16:10:38,2021-07-25 16:18:15,2021-07-25,7.0,6,1
동작구청,2021-07-25,2021-07-25 13:23:25,2021-07-25 13:30:35,2021-07-25,7.0,6,1
동작구청,2021-07-25,2021-07-25 12:59:15,2021-07-25 13:21:38,2021-07-25,22.0,6,1
동작구청,2021-07-25,2021-07-25 11:38:58,2021-07-25 12:36:58,2021-07-25,58.0,6,1
동작구청,2021-07-25,2021-07-25 08:16:58,2021-07-25 09:17:26,2021-07-25,60.0,6,1
동작구청,2021-07-24,2021-07-24 22:12:54,2021-07-24 23:47:17,2021-07-24,94.0,5,1
동작구청,2021-07-24,2021-07-24 21:19:09,2021-07-24 22:09:05,2021-07-24,49.0,5,1
동작구청,2021-07-24,2021-07-24 20:03:56,2021-07-24 21:05:33,2021-07-24,61.0,5,1
동작구청,2021-07-24,2021-07-24 17:42:33,2021-07-24 18:03:52,2021-07-24,21.0,5,1
동작구청,2021-07-24,2021-07-24 16:52:21,2021-07-24 17:41:30,2021-07-24,49.0,5,1
동작구청,2021-07-24,2021-07-24 16:31:30,2021-07-24 16:50:43,2021-07-24,19.0,5,1
동작구청,2021-07-24,2021-07-24 13:33:57,2021-07-24 14:13:41,2021-07-24,39.0,5,1
동작구청,2021-07-24,2021-07-24 13:05:37,2021-07-24 13:18:03,2021-07-24,12.0,5,1
동작구청,2021-07-24,2021-07-24 11:46:17,2021-07-24 12:34:56,2021-07-24,48.0,5,1
동작구청,2021-07-24,2021-07-24 10:51:35,2021-07-24 11:28:58,2021-07-24,37.0,5,1
동작구청,2021-07-24,2021-07-24 08:58:12,2021-07-24 10:21:17,2021-07-24,83.0,5,1
동작구청,2021-07-24,2021-07-24 04:00:11,2021-07-24 05:19:30,2021-07-24,79.0,5,1
동작구청,2021-07-24,2021-07-23 23:27:44,2021-07-24 00:20:08,2021-07-24,52.0,4,0
동작구청,2021-07-23,2021-07-23 21:10:03,2021-07-23 21:18:40,2021-07-23,8.0,4,0
동작구청,2021-07-23,2021-07-23 20:35:20,2021-07-23 21:08:01,2021-07-23,32.0,4,0
동작구청,2021-07-23,2021-07-23 19:15:58,2021-07-23 20:18:00,2021-07-23,62.0,4,0
동작구청,2021-07-23,2021-07-23 18:51:26,2021-07-23 19:10:56,2021-07-23,19.0,4,0
동작구청,2021-07-23,2021-07-23 18:02:14,2021-07-23 18:47:24,2021-07-23,45.0,4,0
동작구청,2021-07-23,2021-07-23 16:13:22,2021-07-23 17:23:36,2021-07-23,70.0,4,0
동작구청,2021-07-23,2021-07-23 15:36:05,2021-07-23 16:08:26,2021-07-23,32.0,4,0
동작구청,2021-07-23,2021-07-23 13:55:22,2021-07-23 14:50:27,2021-07-23,55.0,4,0
동작구청,2021-07-23,2021-07-23 13:23:28,2021-07-23 13:53:36,2021-07-23,30.0,4,0
동작구청,2021-07-23,2021-07-23 09:11:49,2021-07-23 11:30:42,2021-07-23,138.0,4,0
동작구청,2021-07-23,2021-07-23 08:36:32,2021-07-23 09:09:48,2021-07-23,33.0,4,0
동작구청,2021-07-23,2021-07-23 08:26:31,2021-07-23 08:34:16,2021-07-23,7.0,4,0
동작구청,2021-07-23,2021-07-23 07:34:15,2021-07-23 08:01:14,2021-07-23,26.0,4,0
동작구청,2021-07-23,2021-07-23 00:12:06,2021-07-23 01:04:22,2021-07-23,52.0,4,0
동작구청,2021-07-22,2021-07-22 18:55:58,2021-07-22 20:05:29,2021-07-22,69.0,3,0
동작구청,2021-07-22,2021-07-22 16:16:54,2021-07-22 16:31:23,2021-07-22,14.0,3,0
동작구청,2021-07-22,2021-07-22 12:41:28,2021-07-22 13:21:25,2021-07-22,39.0,3,0
동작구청,2021-07-22,2021-07-22 10:16:44,2021-07-22 11:26:17,2021-07-22,69.0,3,0
동작구청,2021-07-22,2021-07-22 07:33:36,2021-07-22 08:26:25,2021-07-22,52.0,3,0
동작구청,2021-07-22,2021-07-22 00:27:00,2021-07-22 01:04:19,2021-07-22,37.0,3,0
동작구청,2021-07-22,2021-07-21 23:23:12,2021-07-22 00:01:55,2021-07-22,38.0,2,0
동작구청,2021-07-21,2021-07-21 21:43:12,2021-07-21 23:07:16,2021-07-21,84.0,2,0
동작구청,2021-07-21,2021-07-21 19:25:30,2021-07-21 20:25:51,2021-07-21,60.0,2,0
동작구청,2021-07-21,2021-07-21 16:53:01,2021-07-21 18:17:01,2021-07-21,84.0,2,0
동작구청,2021-07-21,2021-07-21 16:04:28,2021-07-21 16:28:03,2021-07-21,23.0,2,0
동작구청,2021-07-21,2021-07-21 12:56:02,2021-07-21 13:28:25,2021-07-21,32.0,2,0
동작구청,2021-07-21,2021-07-21 12:28:46,2021-07-21 12:54:23,2021-07-21,25.0,2,0
동작구청,2021-07-21,2021-07-21 12:16:27,2021-07-21 12:26:26,2021-07-21,9.0,2,0
동작구청,2021-07-21,2021-07-21 10:14:30,2021-07-21 10:52:20,2021-07-21,37.0,2,0
동작구청,2021-07-21,2021-07-21 07:19:57,2021-07-21 09:37:05,2021-07-21,137.0,2,0
동작구청,2021-07-21,2021-07-20 23:51:41,2021-07-21 00:43:50,2021-07-21,52.0,1,0
동작구청,2021-07-20,2021-07-20 22:33:21,2021-07-20 23:11:38,2021-07-20,38.0,1,0
동작구청,2021-07-20,2021-07-20 19:21:23,2021-07-20 21:05:44,2021-07-20,104.0,1,0
동작구청,2021-07-20,2021-07-20 17:41:05,2021-07-20 18:03:20,2021-07-20,22.0,1,0
동작구청,2021-07-20,2021-07-20 17:09:53,2021-07-20 17:37:09,2021-07-20,27.0,1,0
동작구청,2021-07-20,2021-07-20 15:53:23,2021-07-20 16:33:18,2021-07-20,39.0,1,0
동작구청,2021-07-20,2021-07-20 12:57:11,2021-07-20 14:52:54,2021-07-20,115.0,1,0
동작구청,2021-07-20,2021-07-20 11:23:53,2021-07-20 12:45:01,2021-07-20,81.0,1,0
동작구청,2021-07-20,2021-07-20 10:32:48,2021-07-20 11:15:06,2021-07-20,42.0,1,0
동작구청,2021-07-20,2021-07-20 08:46:31,2021-07-20 09:27:24,2021-07-20,40.0,1,0
동작구청,2021-07-20,2021-07-20 08:03:13,2021-07-20 08:41:56,2021-07-20,38.0,1,0
동작구청,2021-07-20,2021-07-20 05:32:18,2021-07-20 06:20:46,2021-07-20,48.0,1,0
동작구청,2021-07-19,2021-07-19 22:12:26,2021-07-19 23:27:31,2021-07-19,75.0,0,0
동작구청,2021-07-19,2021-07-19 19:57:35,2021-07-19 22:08:04,2021-07-19,130.0,0,0
동작구청,2021-07-19,2021-07-19 16:43:27,2021-07-19 17:26:14,2021-07-19,42.0,0,0
동작구청,2021-07-19,2021-07-19 15:54:29,2021-07-19 16:42:12,2021-07-19,47.0,0,0
동작구청,2021-07-19,2021-07-19 15:43:57,2021-07-19 15:51:56,2021-07-19,7.0,0,0
동작구청,2021-07-19,2021-07-19 14:45:56,2021-07-19 15:41:25,2021-07-19,55.0,0,0
동작구청,2021-07-19,2021-07-19 09:25:45,2021-07-19 10:49:00,2021-07-19,83.0,0,0
동작구청,2021-07-19,2021-07-19 08:28:37,2021-07-19 08:51:59,2021-07-19,23.0,0,0
동작구청,2021-07-19,2021-07-19 07:46:33,2021-07-19 08:27:14,2021-07-19,40.0,0,0
동작구청,2021-07-19,2021-07-19 07:15:21,2021-07-19 07:45:25,2021-07-19,30.0,0,0
동작구청,2021-07-19,2021-07-18 23:55:42,2021-07-19 00:19:03,2021-07-19,23.0,6,1
동작구청,2021-07-18,2021-07-18 22:50:38,2021-07-18 23:51:43,2021-07-18,61.0,6,1
동작구청,2021-07-18,2021-07-18 20:51:20,2021-07-18 22:02:19,2021-07-18,70.0,6,1
동작구청,2021-07-18,2021-07-18 16:27:26,2021-07-18 17:19:51,2021-07-18,52.0,6,1
동작구청,2021-07-18,2021-07-18 06:49:56,2021-07-18 07:40:20,2021-07-18,50.0,6,1
동작구청,2021-07-18,2021-07-18 00:16:52,2021-07-18 01:09:19,2021-07-18,52.0,6,1
동작구청,2021-07-17,2021-07-17 19:52:05,2021-07-17 20:14:24,2021-07-17,22.0,5,1
동작구청,2021-07-17,2021-07-17 17:57:53,2021-07-17 19:47:33,2021-07-17,109.0,5,1
동작구청,2021-07-17,2021-07-17 16:23:03,2021-07-17 17:13:42,2021-07-17,50.0,5,1
동작구청,2021-07-17,2021-07-17 15:07:45,2021-07-17 16:19:44,2021-07-17,71.0,5,1
동작구청,2021-07-17,2021-07-17 10:17:50,2021-07-17 11:08:22,2021-07-17,50.0,5,1
동작구청,2021-07-17,2021-07-17 08:10:53,2021-07-17 09:01:57,2021-07-17,51.0,5,1
동작구청,2021-07-17,2021-07-17 06:40:02,2021-07-17 07:28:56,2021-07-17,48.0,5,1
동작구청,2021-07-17,2021-07-17 05:19:44,2021-07-17 05:41:11,2021-07-17,21.0,5,1
동작구청,2021-07-17,2021-07-17 00:17:18,2021-07-17 00:55:58,2021-07-17,38.0,5,1
동작구청,2021-07-17,2021-07-16 23:22:55,2021-07-17 00:00:28,2021-07-17,37.0,4,0
동작구청,2021-07-16,2021-07-16 22:31:02,2021-07-16 23:11:46,2021-07-16,40.0,4,0
동작구청,2021-07-16,2021-07-16 21:02:38,2021-07-16 21:50:04,2021-07-16,47.0,4,0
동작구청,2021-07-16,2021-07-16 19:34:53,2021-07-16 19:42:00,2021-07-16,7.0,4,0
동작구청,2021-07-16,2021-07-16 18:56:54,2021-07-16 19:22:35,2021-07-16,25.0,4,0
동작구청,2021-07-16,2021-07-16 17:56:41,2021-07-16 18:31:01,2021-07-16,34.0,4,0
동작구청,2021-07-16,2021-07-16 16:00:01,2021-07-16 17:52:52,2021-07-16,112.0,4,0
동작구청,2021-07-16,2021-07-16 13:18:19,2021-07-16 14:06:15,2021-07-16,47.0,4,0
동작구청,2021-07-16,2021-07-16 11:30:09,2021-07-16 13:15:16,2021-07-16,105.0,4,0
동작구청,2021-07-16,2021-07-16 09:38:44,2021-07-16 10:23:49,2021-07-16,45.0,4,0
동작구청,2021-07-16,2021-07-16 08:22:29,2021-07-16 09:06:47,2021-07-16,44.0,4,0
동작구청,2021-07-16,2021-07-16 05:08:51,2021-07-16 05:33:04,2021-07-16,24.0,4,0
동작구청,2021-07-16,2021-07-16 00:36:56,2021-07-16 01:03:11,2021-07-16,26.0,4,0
동작구청,2021-07-15,2021-07-15 20:54:02,2021-07-15 21:51:59,2021-07-15,57.0,3,0
동작구청,2021-07-15,2021-07-15 17:14:59,2021-07-15 18:06:28,2021-07-15,51.0,3,0
동작구청,2021-07-15,2021-07-15 16:10:27,2021-07-15 17:02:42,2021-07-15,52.0,3,0
동작구청,2021-07-15,2021-07-15 14:47:11,2021-07-15 15:47:55,2021-07-15,60.0,3,0
동작구청,2021-07-15,2021-07-15 13:26:18,2021-07-15 14:44:52,2021-07-15,78.0,3,0
동작구청,2021-07-15,2021-07-15 12:27:52,2021-07-15 13:13:56,2021-07-15,46.0,3,0
동작구청,2021-07-15,2021-07-15 11:21:37,2021-07-15 11:27:48,2021-07-15,6.0,3,0
동작구청,2021-07-15,2021-07-15 10:46:30,2021-07-15 11:17:14,2021-07-15,30.0,3,0
동작구청,2021-07-15,2021-07-15 09:57:28,2021-07-15 10:45:16,2021-07-15,47.0,3,0
동작구청,2021-07-15,2021-07-15 08:46:56,2021-07-15 08:56:34,2021-07-15,9.0,3,0
동작구청,2021-07-15,2021-07-15 06:32:32,2021-07-15 08:05:01,2021-07-15,92.0,3,0
동작구청,2021-07-15,2021-07-15 05:27:24,2021-07-15 06:19:35,2021-07-15,52.0,3,0
동작구청,2021-07-15,2021-07-15 02:17:52,2021-07-15 03:05:11,2021-07-15,47.0,3,0
동작구청,2021-07-15,2021-07-15 00:14:35,2021-07-15 00:58:35,2021-07-15,44.0,3,0
동작구청,2021-07-14,2021-07-14 21:52:16,2021-07-14 22:05:55,2021-07-14,13.0,2,0
동작구청,2021-07-14,2021-07-14 20:43:59,2021-07-14 21:04:30,2021-07-14,20.0,2,0
동작구청,2021-07-14,2021-07-14 18:40:43,2021-07-14 19:20:27,2021-07-14,39.0,2,0
동작구청,2021-07-14,2021-07-14 17:19:18,2021-07-14 18:37:48,2021-07-14,78.0,2,0
동작구청,2021-07-14,2021-07-14 14:44:42,2021-07-14 15:03:52,2021-07-14,19.0,2,0
동작구청,2021-07-14,2021-07-14 13:08:32,2021-07-14 13:38:16,2021-07-14,29.0,2,0
동작구청,2021-07-14,2021-07-14 08:48:59,2021-07-14 09:40:23,2021-07-14,51.0,2,0
동작구청,2021-07-14,2021-07-14 07:57:32,2021-07-14 08:45:43,2021-07-14,48.0,2,0
동작구청,2021-07-14,2021-07-14 04:48:29,2021-07-14 05:14:07,2021-07-14,25.0,2,0
동작구청,2021-07-13,2021-07-13 21:18:08,2021-07-13 22:54:32,2021-07-13,96.0,1,0
동작구청,2021-07-13,2021-07-13 18:19:07,2021-07-13 18:58:16,2021-07-13,39.0,1,0
동작구청,2021-07-13,2021-07-13 17:10:39,2021-07-13 18:17:43,2021-07-13,67.0,1,0
동작구청,2021-07-13,2021-07-13 16:40:44,2021-07-13 17:06:32,2021-07-13,25.0,1,0
동작구청,2021-07-13,2021-07-13 14:47:57,2021-07-13 15:39:56,2021-07-13,51.0,1,0
동작구청,2021-07-13,2021-07-13 13:31:21,2021-07-13 14:46:05,2021-07-13,74.0,1,0
동작구청,2021-07-13,2021-07-13 08:00:11,2021-07-13 08:46:34,2021-07-13,46.0,1,0
동작구청,2021-07-13,2021-07-13 07:26:09,2021-07-13 07:58:37,2021-07-13,32.0,1,0
동작구청,2021-07-13,2021-07-13 05:18:38,2021-07-13 06:22:54,2021-07-13,64.0,1,0
동작구청,2021-07-12,2021-07-12 22:52:55,2021-07-12 23:37:02,2021-07-12,44.0,0,0
동작구청,2021-07-12,2021-07-12 20:35:02,2021-07-12 21:31:12,2021-07-12,56.0,0,0
동작구청,2021-07-12,2021-07-12 18:01:37,2021-07-12 18:07:38,2021-07-12,6.0,0,0
동작구청,2021-07-12,2021-07-12 16:25:20,2021-07-12 17:40:12,2021-07-12,74.0,0,0
동작구청,2021-07-12,2021-07-12 15:47:46,2021-07-12 16:22:02,2021-07-12,34.0,0,0
동작구청,2021-07-12,2021-07-12 15:06:49,2021-07-12 15:34:29,2021-07-12,27.0,0,0
동작구청,2021-07-12,2021-07-12 11:01:31,2021-07-12 11:45:00,2021-07-12,43.0,0,0
동작구청,2021-07-12,2021-07-12 09:55:55,2021-07-12 10:53:55,2021-07-12,58.0,0,0
동작구청,2021-07-12,2021-07-12 08:20:21,2021-07-12 08:49:47,2021-07-12,29.0,0,0
동작구청,2021-07-12,2021-07-11 23:44:57,2021-07-12 00:07:26,2021-07-12,22.0,6,1
동작구청,2021-07-11,2021-07-11 22:11:53,2021-07-11 22:48:36,2021-07-11,36.0,6,1
동작구청,2021-07-11,2021-07-11 16:23:23,2021-07-11 17:20:57,2021-07-11,57.0,6,1
동작구청,2021-07-11,2021-07-11 14:57:37,2021-07-11 15:46:36,2021-07-11,48.0,6,1
동작구청,2021-07-11,2021-07-11 14:24:25,2021-07-11 14:50:08,2021-07-11,25.0,6,1
동작구청,2021-07-11,2021-07-11 13:52:35,2021-07-11 14:14:47,2021-07-11,22.0,6,1
동작구청,2021-07-11,2021-07-11 13:22:50,2021-07-11 13:48:53,2021-07-11,26.0,6,1
동작구청,2021-07-11,2021-07-11 12:50:31,2021-07-11 13:18:29,2021-07-11,27.0,6,1
동작구청,2021-07-11,2021-07-11 11:29:46,2021-07-11 12:24:02,2021-07-11,54.0,6,1
동작구청,2021-07-11,2021-07-11 10:43:29,2021-07-11 11:27:27,2021-07-11,43.0,6,1
동작구청,2021-07-11,2021-07-11 09:16:33,2021-07-11 10:42:13,2021-07-11,85.0,6,1
동작구청,2021-07-11,2021-07-11 08:36:04,2021-07-11 09:02:17,2021-07-11,26.0,6,1
동작구청,2021-07-11,2021-07-11 05:57:34,2021-07-11 06:34:26,2021-07-11,36.0,6,1
동작구청,2021-07-11,2021-07-11 00:16:37,2021-07-11 01:00:09,2021-07-11,43.0,6,1
동작구청,2021-07-10,2021-07-10 21:56:52,2021-07-10 22:36:34,2021-07-10,39.0,5,1
동작구청,2021-07-10,2021-07-10 20:57:45,2021-07-10 21:40:55,2021-07-10,43.0,5,1
동작구청,2021-07-10,2021-07-10 19:47:55,2021-07-10 20:30:07,2021-07-10,42.0,5,1
동작구청,2021-07-10,2021-07-10 18:03:57,2021-07-10 19:37:26,2021-07-10,93.0,5,1
동작구청,2021-07-10,2021-07-10 15:25:37,2021-07-10 15:51:00,2021-07-10,25.0,5,1
동작구청,2021-07-10,2021-07-10 14:54:49,2021-07-10 15:21:39,2021-07-10,26.0,5,1
동작구청,2021-07-10,2021-07-10 13:57:30,2021-07-10 14:17:14,2021-07-10,19.0,5,1
동작구청,2021-07-10,2021-07-10 12:37:16,2021-07-10 12:48:24,2021-07-10,11.0,5,1
동작구청,2021-07-10,2021-07-10 08:29:52,2021-07-10 09:09:41,2021-07-10,39.0,5,1
동작구청,2021-07-10,2021-07-10 05:42:19,2021-07-10 06:17:36,2021-07-10,35.0,5,1
동작구청,2021-07-10,2021-07-09 23:40:06,2021-07-10 00:22:46,2021-07-10,42.0,4,0
동작구청,2021-07-09,2021-07-09 20:56:28,2021-07-09 21:04:45,2021-07-09,8.0,4,0
동작구청,2021-07-09,2021-07-09 20:28:19,2021-07-09 20:54:23,2021-07-09,26.0,4,0
동작구청,2021-07-09,2021-07-09 19:19:01,2021-07-09 20:23:02,2021-07-09,64.0,4,0
동작구청,2021-07-09,2021-07-09 17:31:06,2021-07-09 18:08:51,2021-07-09,37.0,4,0
동작구청,2021-07-09,2021-07-09 16:49:36,2021-07-09 17:25:58,2021-07-09,36.0,4,0
동작구청,2021-07-09,2021-07-09 15:35:56,2021-07-09 16:34:30,2021-07-09,58.0,4,0
동작구청,2021-07-09,2021-07-09 14:25:21,2021-07-09 15:00:43,2021-07-09,35.0,4,0
동작구청,2021-07-09,2021-07-09 12:50:29,2021-07-09 13:33:18,2021-07-09,42.0,4,0
동작구청,2021-07-09,2021-07-09 05:09:26,2021-07-09 05:36:04,2021-07-09,26.0,4,0
동작구청,2021-07-08,2021-07-08 20:18:26,2021-07-08 20:26:34,2021-07-08,8.0,3,0
동작구청,2021-07-08,2021-07-08 19:45:51,2021-07-08 20:16:55,2021-07-08,31.0,3,0
동작구청,2021-07-08,2021-07-08 17:06:20,2021-07-08 17:22:41,2021-07-08,16.0,3,0
동작구청,2021-07-08,2021-07-08 16:01:04,2021-07-08 16:44:12,2021-07-08,43.0,3,0
동작구청,2021-07-08,2021-07-08 14:54:37,2021-07-08 15:48:28,2021-07-08,53.0,3,0
동작구청,2021-07-08,2021-07-08 12:31:43,2021-07-08 12:57:11,2021-07-08,25.0,3,0
동작구청,2021-07-08,2021-07-08 10:51:24,2021-07-08 11:31:17,2021-07-08,39.0,3,0
동작구청,2021-07-08,2021-07-08 09:24:31,2021-07-08 10:08:05,2021-07-08,43.0,3,0
동작구청,2021-07-08,2021-07-08 07:41:14,2021-07-08 08:12:31,2021-07-08,31.0,3,0
동작구청,2021-07-08,2021-07-08 05:12:01,2021-07-08 05:53:41,2021-07-08,41.0,3,0
동작구청,2021-07-07,2021-07-07 22:10:41,2021-07-07 22:59:49,2021-07-07,49.0,2,0
동작구청,2021-07-07,2021-07-07 20:21:39,2021-07-07 21:43:12,2021-07-07,81.0,2,0
동작구청,2021-07-07,2021-07-07 17:59:06,2021-07-07 19:11:28,2021-07-07,72.0,2,0
동작구청,2021-07-07,2021-07-07 16:43:58,2021-07-07 17:26:31,2021-07-07,42.0,2,0
동작구청,2021-07-07,2021-07-07 16:01:37,2021-07-07 16:32:40,2021-07-07,31.0,2,0
동작구청,2021-07-07,2021-07-07 15:00:36,2021-07-07 15:45:21,2021-07-07,44.0,2,0
동작구청,2021-07-07,2021-07-07 13:57:59,2021-07-07 14:40:54,2021-07-07,42.0,2,0
동작구청,2021-07-07,2021-07-07 13:16:14,2021-07-07 13:43:59,2021-07-07,27.0,2,0
동작구청,2021-07-07,2021-07-07 12:50:53,2021-07-07 13:14:34,2021-07-07,23.0,2,0
동작구청,2021-07-07,2021-07-07 11:03:51,2021-07-07 12:49:18,2021-07-07,105.0,2,0
동작구청,2021-07-07,2021-07-07 09:53:20,2021-07-07 10:11:48,2021-07-07,18.0,2,0
동작구청,2021-07-07,2021-07-07 04:47:28,2021-07-07 05:32:30,2021-07-07,45.0,2,0
동작구청,2021-07-07,2021-07-07 00:33:35,2021-07-07 01:22:58,2021-07-07,49.0,2,0
동작구청,2021-07-06,2021-07-06 22:51:43,2021-07-06 23:17:29,2021-07-06,25.0,1,0
동작구청,2021-07-06,2021-07-06 18:01:21,2021-07-06 18:29:16,2021-07-06,27.0,1,0
동작구청,2021-07-06,2021-07-06 17:33:47,2021-07-06 17:49:28,2021-07-06,15.0,1,0
동작구청,2021-07-06,2021-07-06 16:49:38,2021-07-06 17:31:59,2021-07-06,42.0,1,0
동작구청,2021-07-06,2021-07-06 16:20:50,2021-07-06 16:47:16,2021-07-06,26.0,1,0
동작구청,2021-07-06,2021-07-06 15:47:19,2021-07-06 16:15:33,2021-07-06,28.0,1,0
동작구청,2021-07-06,2021-07-06 15:17:38,2021-07-06 15:43:44,2021-07-06,26.0,1,0
동작구청,2021-07-06,2021-07-06 13:21:45,2021-07-06 13:30:13,2021-07-06,8.0,1,0
동작구청,2021-07-06,2021-07-06 09:37:08,2021-07-06 11:19:15,2021-07-06,102.0,1,0
동작구청,2021-07-06,2021-07-06 07:31:50,2021-07-06 09:30:49,2021-07-06,118.0,1,0
동작구청,2021-07-05,2021-07-05 19:39:47,2021-07-05 20:14:36,2021-07-05,34.0,0,0
동작구청,2021-07-05,2021-07-05 18:17:41,2021-07-05 18:43:34,2021-07-05,25.0,0,0
동작구청,2021-07-05,2021-07-05 16:36:44,2021-07-05 17:30:28,2021-07-05,53.0,0,0
동작구청,2021-07-05,2021-07-05 15:54:18,2021-07-05 16:29:44,2021-07-05,35.0,0,0
동작구청,2021-07-05,2021-07-05 14:47:06,2021-07-05 15:13:14,2021-07-05,26.0,0,0
동작구청,2021-07-05,2021-07-05 12:31:55,2021-07-05 13:06:34,2021-07-05,34.0,0,0
동작구청,2021-07-05,2021-07-05 10:54:52,2021-07-05 11:22:06,2021-07-05,27.0,0,0
동작구청,2021-07-05,2021-07-05 05:38:22,2021-07-05 05:55:17,2021-07-05,16.0,0,0
동작구청,2021-07-04,2021-07-04 23:25:10,2021-07-04 23:51:34,2021-07-04,26.0,6,1
동작구청,2021-07-04,2021-07-04 14:59:49,2021-07-04 16:27:30,2021-07-04,87.0,6,1
동작구청,2021-07-04,2021-07-04 11:33:05,2021-07-04 11:42:06,2021-07-04,9.0,6,1
동작구청,2021-07-04,2021-07-04 11:12:40,2021-07-04 11:31:02,2021-07-04,18.0,6,1
동작구청,2021-07-04,2021-07-04 09:21:20,2021-07-04 10:45:44,2021-07-04,84.0,6,1
동작구청,2021-07-04,2021-07-04 00:58:08,2021-07-04 01:43:01,2021-07-04,44.0,6,1
동작구청,2021-07-03,2021-07-03 19:47:07,2021-07-03 20:51:46,2021-07-03,64.0,5,1
동작구청,2021-07-03,2021-07-03 16:19:10,2021-07-03 17:51:19,2021-07-03,92.0,5,1
동작구청,2021-07-03,2021-07-03 15:21:18,2021-07-03 15:46:52,2021-07-03,25.0,5,1
동작구청,2021-07-03,2021-07-03 11:35:42,2021-07-03 13:07:22,2021-07-03,91.0,5,1
동작구청,2021-07-03,2021-07-03 10:03:05,2021-07-03 11:30:48,2021-07-03,87.0,5,1
동작구청,2021-07-03,2021-07-03 08:49:27,2021-07-03 09:08:34,2021-07-03,19.0,5,1
동작구청,2021-07-02,2021-07-02 18:31:39,2021-07-02 18:56:58,2021-07-02,25.0,4,0
동작구청,2021-07-02,2021-07-02 18:08:26,2021-07-02 18:21:36,2021-07-02,13.0,4,0
동작구청,2021-07-02,2021-07-02 17:16:17,2021-07-02 18:00:45,2021-07-02,44.0,4,0
동작구청,2021-07-02,2021-07-02 14:49:01,2021-07-02 15:40:14,2021-07-02,51.0,4,0
동작구청,2021-07-02,2021-07-02 14:10:40,2021-07-02 14:27:46,2021-07-02,17.0,4,0
동작구청,2021-07-02,2021-07-02 12:57:24,2021-07-02 13:22:42,2021-07-02,25.0,4,0
동작구청,2021-07-02,2021-07-02 09:48:50,2021-07-02 10:49:37,2021-07-02,60.0,4,0
동작구청,2021-07-02,2021-07-02 07:35:49,2021-07-02 08:18:38,2021-07-02,42.0,4,0
동작구청,2021-07-02,2021-07-02 05:02:48,2021-07-02 05:53:00,2021-07-02,50.0,4,0
동작구청,2021-07-01,2021-07-01 23:37:59,2021-07-01 23:58:12,2021-07-01,20.0,3,0
동작구청,2021-07-01,2021-07-01 23:10:21,2021-07-01 23:35:32,2021-07-01,25.0,3,0
동작구청,2021-07-01,2021-07-01 19:35:23,2021-07-01 20:22:40,2021-07-01,47.0,3,0
동작구청,2021-07-01,2021-07-01 18:42:41,2021-07-01 19:01:51,2021-07-01,19.0,3,0
동작구청,2021-07-01,2021-07-01 18:02:38,2021-07-01 18:40:13,2021-07-01,37.0,3,0
동작구청,2021-07-01,2021-07-01 16:38:28,2021-07-01 17:52:14,2021-07-01,73.0,3,0
동작구청,2021-07-01,2021-07-01 16:09:51,2021-07-01 16:23:36,2021-07-01,13.0,3,0
동작구청,2021-07-01,2021-07-01 14:38:00,2021-07-01 15:35:59,2021-07-01,57.0,3,0
동작구청,2021-07-01,2021-07-01 13:24:04,2021-07-01 14:07:29,2021-07-01,43.0,3,0
동작구청,2021-07-01,2021-07-01 11:50:53,2021-07-01 12:43:48,2021-07-01,52.0,3,0
동작구청,2021-07-01,2021-07-01 10:08:00,2021-07-01 11:39:34,2021-07-01,91.0,3,0
동작구청,2021-07-01,2021-07-01 08:46:56,2021-07-01 09:15:58,2021-07-01,29.0,3,0
동작구청,2021-07-01,2021-07-01 07:03:49,2021-07-01 07:36:13,2021-07-01,32.0,3,0
동작구청,2021-07-01,2021-07-01 05:00:48,2021-07-01 05:52:06,2021-07-01,51.0,3,0
동작구청,2021-06-30,2021-06-30 22:44:26,2021-06-30 23:36:57,2021-06-30,52.0,2,0
동작구청,2021-06-30,2021-06-30 20:20:19,2021-06-30 21:15:45,2021-06-30,55.0,2,0
동작구청,2021-06-30,2021-06-30 19:53:17,2021-06-30 20:14:48,2021-06-30,21.0,2,0
동작구청,2021-06-30,2021-06-30 19:24:10,2021-06-30 19:52:12,2021-06-30,28.0,2,0
동작구청,2021-06-30,2021-06-30 15:03:25,2021-06-30 15:28:23,2021-06-30,24.0,2,0
동작구청,2021-06-30,2021-06-30 14:15:22,2021-06-30 14:55:03,2021-06-30,39.0,2,0
동작구청,2021-06-30,2021-06-30 09:37:47,2021-06-30 10:03:43,2021-06-30,25.0,2,0
동작구청,2021-06-30,2021-06-30 08:08:08,2021-06-30 08:50:04,2021-06-30,41.0,2,0
동작구청,2021-06-30,2021-06-30 07:03:05,2021-06-30 07:50:10,2021-06-30,47.0,2,0
동작구청,2021-06-30,2021-06-30 06:47:22,2021-06-30 07:01:06,2021-06-30,13.0,2,0
동작구청,2021-06-30,2021-06-30 05:42:53,2021-06-30 06:00:04,2021-06-30,17.0,2,0
동작구청,2021-06-30,2021-06-30 05:11:42,2021-06-30 05:39:12,2021-06-30,27.0,2,0
동작구청,2021-06-30,2021-06-30 00:05:34,2021-06-30 00:45:51,2021-06-30,40.0,2,0
동작구청,2021-06-29,2021-06-29 23:02:03,2021-06-29 23:20:17,2021-06-29,18.0,1,0
동작구청,2021-06-29,2021-06-29 22:39:22,2021-06-29 22:56:24,2021-06-29,17.0,1,0
동작구청,2021-06-29,2021-06-29 20:09:20,2021-06-29 21:37:14,2021-06-29,87.0,1,0
동작구청,2021-06-29,2021-06-29 19:22:58,2021-06-29 20:02:39,2021-06-29,39.0,1,0
동작구청,2021-06-29,2021-06-29 18:15:39,2021-06-29 19:18:41,2021-06-29,63.0,1,0
동작구청,2021-06-29,2021-06-29 17:35:48,2021-06-29 17:43:44,2021-06-29,7.0,1,0
동작구청,2021-06-29,2021-06-29 16:16:29,2021-06-29 16:51:07,2021-06-29,34.0,1,0
동작구청,2021-06-29,2021-06-29 14:38:45,2021-06-29 15:21:44,2021-06-29,42.0,1,0
동작구청,2021-06-29,2021-06-29 14:00:13,2021-06-29 14:30:55,2021-06-29,30.0,1,0
동작구청,2021-06-29,2021-06-29 12:50:34,2021-06-29 13:14:36,2021-06-29,24.0,1,0
동작구청,2021-06-29,2021-06-29 12:19:13,2021-06-29 12:49:27,2021-06-29,30.0,1,0
동작구청,2021-06-29,2021-06-29 11:52:39,2021-06-29 12:16:37,2021-06-29,23.0,1,0
동작구청,2021-06-29,2021-06-29 10:45:58,2021-06-29 11:49:16,2021-06-29,63.0,1,0
동작구청,2021-06-29,2021-06-29 10:05:54,2021-06-29 10:34:28,2021-06-29,28.0,1,0
동작구청,2021-06-29,2021-06-29 09:36:09,2021-06-29 10:01:41,2021-06-29,25.0,1,0
동작구청,2021-06-29,2021-06-29 09:17:17,2021-06-29 09:34:04,2021-06-29,16.0,1,0
동작구청,2021-06-29,2021-06-29 07:40:45,2021-06-29 08:18:25,2021-06-29,37.0,1,0
동작구청,2021-06-29,2021-06-29 06:32:58,2021-06-29 06:52:31,2021-06-29,19.0,1,0
동작구청,2021-06-29,2021-06-29 06:24:00,2021-06-29 06:31:28,2021-06-29,7.0,1,0
동작구청,2021-06-29,2021-06-29 05:38:17,2021-06-29 06:18:22,2021-06-29,40.0,1,0
동작구청,2021-06-29,2021-06-29 04:06:21,2021-06-29 05:37:02,2021-06-29,90.0,1,0
동작구청,2021-06-29,2021-06-29 02:13:17,2021-06-29 02:58:04,2021-06-29,44.0,1,0
동작구청,2021-06-28,2021-06-28 22:21:15,2021-06-28 23:09:13,2021-06-28,47.0,0,0
동작구청,2021-06-28,2021-06-28 21:34:41,2021-06-28 22:01:09,2021-06-28,26.0,0,0
동작구청,2021-06-28,2021-06-28 21:24:18,2021-06-28 21:33:27,2021-06-28,9.0,0,0
동작구청,2021-06-28,2021-06-28 20:18:38,2021-06-28 21:13:39,2021-06-28,55.0,0,0
동작구청,2021-06-28,2021-06-28 17:59:17,2021-06-28 19:30:37,2021-06-28,91.0,0,0
동작구청,2021-06-28,2021-06-28 17:31:26,2021-06-28 17:56:02,2021-06-28,24.0,0,0
동작구청,2021-06-28,2021-06-28 16:52:53,2021-06-28 17:28:29,2021-06-28,35.0,0,0
동작구청,2021-06-28,2021-06-28 15:52:28,2021-06-28 16:19:34,2021-06-28,27.0,0,0
동작구청,2021-06-28,2021-06-28 14:34:47,2021-06-28 15:01:56,2021-06-28,27.0,0,0
동작구청,2021-06-28,2021-06-28 14:02:16,2021-06-28 14:33:15,2021-06-28,30.0,0,0
동작구청,2021-06-28,2021-06-28 12:59:52,2021-06-28 13:42:04,2021-06-28,42.0,0,0
동작구청,2021-06-28,2021-06-28 12:14:38,2021-06-28 12:58:10,2021-06-28,43.0,0,0
동작구청,2021-06-28,2021-06-28 10:43:09,2021-06-28 11:21:36,2021-06-28,38.0,0,0
동작구청,2021-06-28,2021-06-28 10:19:32,2021-06-28 10:41:16,2021-06-28,21.0,0,0
동작구청,2021-06-28,2021-06-28 09:46:50,2021-06-28 10:15:34,2021-06-28,28.0,0,0
동작구청,2021-06-28,2021-06-28 08:11:43,2021-06-28 09:00:30,2021-06-28,48.0,0,0
동작구청,2021-06-28,2021-06-28 07:27:50,2021-06-28 08:04:44,2021-06-28,36.0,0,0
동작구청,2021-06-28,2021-06-28 07:18:39,2021-06-28 07:25:52,2021-06-28,7.0,0,0
동작구청,2021-06-28,2021-06-28 05:25:05,2021-06-28 06:15:15,2021-06-28,50.0,0,0
동작구청,2021-06-28,2021-06-28 00:14:12,2021-06-28 00:50:43,2021-06-28,36.0,0,0
동작구청,2021-06-27,2021-06-27 23:13:26,2021-06-27 23:58:01,2021-06-27,44.0,6,1
동작구청,2021-06-27,2021-06-27 22:10:41,2021-06-27 22:35:06,2021-06-27,24.0,6,1
동작구청,2021-06-27,2021-06-27 21:28:02,2021-06-27 22:09:28,2021-06-27,41.0,6,1
동작구청,2021-06-27,2021-06-27 20:14:06,2021-06-27 20:56:45,2021-06-27,42.0,6,1
동작구청,2021-06-27,2021-06-27 19:12:45,2021-06-27 20:08:25,2021-06-27,55.0,6,1
동작구청,2021-06-27,2021-06-27 17:36:53,2021-06-27 18:12:25,2021-06-27,35.0,6,1
동작구청,2021-06-27,2021-06-27 16:38:00,2021-06-27 17:34:44,2021-06-27,56.0,6,1
동작구청,2021-06-27,2021-06-27 15:37:02,2021-06-27 16:10:29,2021-06-27,33.0,6,1
동작구청,2021-06-27,2021-06-27 14:33:55,2021-06-27 14:59:40,2021-06-27,25.0,6,1
동작구청,2021-06-27,2021-06-27 13:26:18,2021-06-27 14:18:31,2021-06-27,52.0,6,1
동작구청,2021-06-27,2021-06-27 12:27:44,2021-06-27 13:20:44,2021-06-27,53.0,6,1
동작구청,2021-06-27,2021-06-27 11:21:11,2021-06-27 11:27:48,2021-06-27,6.0,6,1
동작구청,2021-06-27,2021-06-27 10:28:44,2021-06-27 11:18:40,2021-06-27,49.0,6,1
동작구청,2021-06-27,2021-06-27 09:26:40,2021-06-27 09:59:40,2021-06-27,33.0,6,1
동작구청,2021-06-27,2021-06-27 08:15:01,2021-06-27 08:42:13,2021-06-27,27.0,6,1
동작구청,2021-06-27,2021-06-27 05:23:25,2021-06-27 06:18:13,2021-06-27,54.0,6,1
동작구청,2021-06-26,2021-06-26 22:41:56,2021-06-26 23:22:53,2021-06-26,40.0,5,1
동작구청,2021-06-26,2021-06-26 20:45:32,2021-06-26 20:53:53,2021-06-26,8.0,5,1
동작구청,2021-06-26,2021-06-26 19:34:50,2021-06-26 20:17:35,2021-06-26,42.0,5,1
동작구청,2021-06-26,2021-06-26 17:42:16,2021-06-26 18:41:00,2021-06-26,58.0,5,1
동작구청,2021-06-26,2021-06-26 16:59:23,2021-06-26 17:39:22,2021-06-26,39.0,5,1
동작구청,2021-06-26,2021-06-26 15:22:50,2021-06-26 15:55:35,2021-06-26,32.0,5,1
동작구청,2021-06-26,2021-06-26 14:33:10,2021-06-26 15:01:52,2021-06-26,28.0,5,1
동작구청,2021-06-26,2021-06-26 13:59:55,2021-06-26 14:27:15,2021-06-26,27.0,5,1
동작구청,2021-06-26,2021-06-26 13:44:13,2021-06-26 13:56:42,2021-06-26,12.0,5,1
동작구청,2021-06-26,2021-06-26 12:46:21,2021-06-26 13:29:35,2021-06-26,43.0,5,1
동작구청,2021-06-26,2021-06-26 10:43:41,2021-06-26 11:57:41,2021-06-26,74.0,5,1
동작구청,2021-06-26,2021-06-26 08:24:33,2021-06-26 10:09:28,2021-06-26,104.0,5,1
동작구청,2021-06-26,2021-06-26 07:23:43,2021-06-26 08:19:30,2021-06-26,55.0,5,1
동작구청,2021-06-26,2021-06-26 06:19:50,2021-06-26 07:03:38,2021-06-26,43.0,5,1
동작구청,2021-06-26,2021-06-26 05:33:00,2021-06-26 06:07:52,2021-06-26,34.0,5,1
동작구청,2021-06-26,2021-06-26 04:25:02,2021-06-26 04:55:33,2021-06-26,30.0,5,1
동작구청,2021-06-26,2021-06-25 23:57:33,2021-06-26 00:24:01,2021-06-26,26.0,4,0
동작구청,2021-06-25,2021-06-25 23:11:20,2021-06-25 23:51:43,2021-06-25,40.0,4,0
동작구청,2021-06-25,2021-06-25 22:37:00,2021-06-25 23:07:48,2021-06-25,30.0,4,0
동작구청,2021-06-25,2021-06-25 21:59:14,2021-06-25 22:35:51,2021-06-25,36.0,4,0
동작구청,2021-06-25,2021-06-25 21:27:14,2021-06-25 21:54:51,2021-06-25,27.0,4,0
동작구청,2021-06-25,2021-06-25 19:33:03,2021-06-25 20:37:05,2021-06-25,64.0,4,0
동작구청,2021-06-25,2021-06-25 19:12:38,2021-06-25 19:30:34,2021-06-25,17.0,4,0
동작구청,2021-06-25,2021-06-25 18:19:17,2021-06-25 19:06:44,2021-06-25,47.0,4,0
동작구청,2021-06-25,2021-06-25 17:48:37,2021-06-25 18:11:59,2021-06-25,23.0,4,0
동작구청,2021-06-25,2021-06-25 17:07:24,2021-06-25 17:47:35,2021-06-25,40.0,4,0
동작구청,2021-06-25,2021-06-25 16:22:15,2021-06-25 16:50:47,2021-06-25,28.0,4,0
동작구청,2021-06-25,2021-06-25 14:59:45,2021-06-25 15:42:46,2021-06-25,43.0,4,0
동작구청,2021-06-25,2021-06-25 14:11:40,2021-06-25 14:56:06,2021-06-25,44.0,4,0
동작구청,2021-06-25,2021-06-25 13:01:22,2021-06-25 13:26:22,2021-06-25,25.0,4,0
동작구청,2021-06-25,2021-06-25 11:54:25,2021-06-25 12:22:29,2021-06-25,28.0,4,0
동작구청,2021-06-25,2021-06-25 11:35:59,2021-06-25 11:50:54,2021-06-25,14.0,4,0
동작구청,2021-06-25,2021-06-25 10:56:54,2021-06-25 11:04:34,2021-06-25,7.0,4,0
동작구청,2021-06-25,2021-06-25 10:03:11,2021-06-25 10:55:18,2021-06-25,52.0,4,0
동작구청,2021-06-25,2021-06-25 07:41:39,2021-06-25 08:17:30,2021-06-25,35.0,4,0
동작구청,2021-06-25,2021-06-25 07:09:16,2021-06-25 07:29:40,2021-06-25,20.0,4,0
동작구청,2021-06-25,2021-06-25 05:17:41,2021-06-25 05:59:15,2021-06-25,41.0,4,0
동작구청,2021-06-25,2021-06-25 01:31:28,2021-06-25 03:04:47,2021-06-25,93.0,4,0
동작구청,2021-06-25,2021-06-24 23:47:15,2021-06-25 00:40:57,2021-06-25,53.0,3,0
동작구청,2021-06-24,2021-06-24 21:48:40,2021-06-24 22:19:34,2021-06-24,30.0,3,0
동작구청,2021-06-24,2021-06-24 21:06:24,2021-06-24 21:35:53,2021-06-24,29.0,3,0
동작구청,2021-06-24,2021-06-24 19:36:19,2021-06-24 20:46:02,2021-06-24,69.0,3,0
동작구청,2021-06-24,2021-06-24 18:57:49,2021-06-24 19:34:40,2021-06-24,36.0,3,0
동작구청,2021-06-24,2021-06-24 18:24:30,2021-06-24 18:52:06,2021-06-24,27.0,3,0
동작구청,2021-06-24,2021-06-24 17:59:07,2021-06-24 18:22:43,2021-06-24,23.0,3,0
동작구청,2021-06-24,2021-06-24 17:21:54,2021-06-24 17:53:38,2021-06-24,31.0,3,0
동작구청,2021-06-24,2021-06-24 16:39:13,2021-06-24 17:19:09,2021-06-24,39.0,3,0
동작구청,2021-06-24,2021-06-24 14:36:59,2021-06-24 15:16:30,2021-06-24,39.0,3,0
동작구청,2021-06-24,2021-06-24 13:40:02,2021-06-24 13:55:54,2021-06-24,15.0,3,0
동작구청,2021-06-24,2021-06-24 12:22:05,2021-06-24 13:00:03,2021-06-24,37.0,3,0
동작구청,2021-06-24,2021-06-24 11:10:54,2021-06-24 12:20:00,2021-06-24,69.0,3,0
동작구청,2021-06-24,2021-06-24 10:53:03,2021-06-24 11:09:37,2021-06-24,16.0,3,0
동작구청,2021-06-24,2021-06-24 10:28:32,2021-06-24 10:35:52,2021-06-24,7.0,3,0
동작구청,2021-06-24,2021-06-24 08:23:39,2021-06-24 09:03:51,2021-06-24,40.0,3,0
동작구청,2021-06-24,2021-06-24 07:11:41,2021-06-24 07:52:43,2021-06-24,41.0,3,0
동작구청,2021-06-24,2021-06-24 05:34:32,2021-06-24 05:53:04,2021-06-24,18.0,3,0
동작구청,2021-06-24,2021-06-24 05:02:56,2021-06-24 05:31:08,2021-06-24,28.0,3,0
동작구청,2021-06-24,2021-06-24 01:37:54,2021-06-24 02:18:40,2021-06-24,40.0,3,0
동작구청,2021-06-24,2021-06-24 00:51:58,2021-06-24 01:36:30,2021-06-24,44.0,3,0
동작구청,2021-06-23,2021-06-23 23:14:24,2021-06-23 23:42:59,2021-06-23,28.0,2,0
동작구청,2021-06-23,2021-06-23 21:50:40,2021-06-23 22:27:48,2021-06-23,37.0,2,0
동작구청,2021-06-23,2021-06-23 21:15:41,2021-06-23 21:45:42,2021-06-23,30.0,2,0
동작구청,2021-06-23,2021-06-23 20:33:37,2021-06-23 21:11:44,2021-06-23,38.0,2,0
동작구청,2021-06-23,2021-06-23 19:55:11,2021-06-23 20:22:58,2021-06-23,27.0,2,0
동작구청,2021-06-23,2021-06-23 19:16:02,2021-06-23 19:54:12,2021-06-23,38.0,2,0
동작구청,2021-06-23,2021-06-23 18:07:41,2021-06-23 18:31:36,2021-06-23,23.0,2,0
동작구청,2021-06-23,2021-06-23 17:32:25,2021-06-23 17:58:17,2021-06-23,25.0,2,0
동작구청,2021-06-23,2021-06-23 16:50:15,2021-06-23 17:29:59,2021-06-23,39.0,2,0
동작구청,2021-06-23,2021-06-23 16:00:04,2021-06-23 16:14:16,2021-06-23,14.0,2,0
동작구청,2021-06-23,2021-06-23 15:16:17,2021-06-23 15:58:44,2021-06-23,42.0,2,0
동작구청,2021-06-23,2021-06-23 13:23:31,2021-06-23 13:54:32,2021-06-23,31.0,2,0
동작구청,2021-06-23,2021-06-23 13:13:46,2021-06-23 13:20:04,2021-06-23,6.0,2,0
동작구청,2021-06-23,2021-06-23 12:26:55,2021-06-23 12:56:55,2021-06-23,30.0,2,0
동작구청,2021-06-23,2021-06-23 12:04:05,2021-06-23 12:23:18,2021-06-23,19.0,2,0
동작구청,2021-06-23,2021-06-23 09:29:07,2021-06-23 09:54:00,2021-06-23,24.0,2,0
동작구청,2021-06-23,2021-06-23 07:59:11,2021-06-23 08:45:17,2021-06-23,46.0,2,0
동작구청,2021-06-23,2021-06-23 07:01:05,2021-06-23 07:51:16,2021-06-23,50.0,2,0
동작구청,2021-06-23,2021-06-23 06:31:55,2021-06-23 06:58:42,2021-06-23,26.0,2,0
동작구청,2021-06-23,2021-06-23 05:39:31,2021-06-23 05:44:38,2021-06-23,5.0,2,0
동작구청,2021-06-22,2021-06-22 23:32:10,2021-06-22 23:49:10,2021-06-22,17.0,1,0
동작구청,2021-06-22,2021-06-22 22:41:47,2021-06-22 23:29:21,2021-06-22,47.0,1,0
동작구청,2021-06-22,2021-06-22 21:14:34,2021-06-22 22:07:15,2021-06-22,52.0,1,0
동작구청,2021-06-22,2021-06-22 20:54:28,2021-06-22 21:09:29,2021-06-22,15.0,1,0
동작구청,2021-06-22,2021-06-22 19:59:53,2021-06-22 20:48:11,2021-06-22,48.0,1,0
동작구청,2021-06-22,2021-06-22 19:30:09,2021-06-22 19:58:04,2021-06-22,27.0,1,0
동작구청,2021-06-22,2021-06-22 18:24:43,2021-06-22 19:26:04,2021-06-22,61.0,1,0
동작구청,2021-06-22,2021-06-22 18:10:20,2021-06-22 18:22:18,2021-06-22,11.0,1,0
동작구청,2021-06-22,2021-06-22 17:21:24,2021-06-22 17:48:13,2021-06-22,26.0,1,0
동작구청,2021-06-22,2021-06-22 15:56:06,2021-06-22 17:14:13,2021-06-22,78.0,1,0
동작구청,2021-06-22,2021-06-22 14:54:26,2021-06-22 15:23:57,2021-06-22,29.0,1,0
동작구청,2021-06-22,2021-06-22 14:30:22,2021-06-22 14:45:40,2021-06-22,15.0,1,0
동작구청,2021-06-22,2021-06-22 13:46:15,2021-06-22 14:26:32,2021-06-22,40.0,1,0
동작구청,2021-06-22,2021-06-22 12:36:21,2021-06-22 13:42:34,2021-06-22,66.0,1,0
동작구청,2021-06-22,2021-06-22 11:36:09,2021-06-22 11:56:58,2021-06-22,20.0,1,0
동작구청,2021-06-22,2021-06-22 11:11:29,2021-06-22 11:31:19,2021-06-22,19.0,1,0
동작구청,2021-06-22,2021-06-22 08:42:00,2021-06-22 09:25:13,2021-06-22,43.0,1,0
동작구청,2021-06-22,2021-06-22 08:00:12,2021-06-22 08:40:24,2021-06-22,40.0,1,0
동작구청,2021-06-22,2021-06-22 06:45:49,2021-06-22 07:39:07,2021-06-22,53.0,1,0
동작구청,2021-06-22,2021-06-22 03:26:13,2021-06-22 04:22:34,2021-06-22,56.0,1,0
동작구청,2021-06-22,2021-06-22 00:29:50,2021-06-22 01:44:44,2021-06-22,74.0,1,0
동작구청,2021-06-22,2021-06-21 23:27:30,2021-06-22 00:28:28,2021-06-22,60.0,0,0
동작구청,2021-06-21,2021-06-21 22:30:46,2021-06-21 23:14:30,2021-06-21,43.0,0,0
동작구청,2021-06-21,2021-06-21 22:05:45,2021-06-21 22:29:21,2021-06-21,23.0,0,0
동작구청,2021-06-21,2021-06-21 21:18:52,2021-06-21 21:56:12,2021-06-21,37.0,0,0
동작구청,2021-06-21,2021-06-21 20:13:12,2021-06-21 21:14:27,2021-06-21,61.0,0,0
동작구청,2021-06-21,2021-06-21 17:39:15,2021-06-21 18:11:36,2021-06-21,32.0,0,0
동작구청,2021-06-21,2021-06-21 16:52:21,2021-06-21 17:36:07,2021-06-21,43.0,0,0
동작구청,2021-06-21,2021-06-21 13:47:14,2021-06-21 16:04:50,2021-06-21,137.0,0,0
동작구청,2021-06-21,2021-06-21 12:27:18,2021-06-21 12:43:28,2021-06-21,16.0,0,0
동작구청,2021-06-21,2021-06-21 11:52:39,2021-06-21 12:25:15,2021-06-21,32.0,0,0
동작구청,2021-06-21,2021-06-21 11:16:59,2021-06-21 11:46:41,2021-06-21,29.0,0,0
동작구청,2021-06-21,2021-06-21 09:26:43,2021-06-21 10:20:34,2021-06-21,53.0,0,0
동작구청,2021-06-21,2021-06-21 08:52:18,2021-06-21 09:24:08,2021-06-21,31.0,0,0
동작구청,2021-06-21,2021-06-21 07:36:11,2021-06-21 08:31:17,2021-06-21,55.0,0,0
동작구청,2021-06-21,2021-06-21 02:17:36,2021-06-21 03:15:02,2021-06-21,57.0,0,0
동작구청,2021-06-20,2021-06-20 19:41:07,2021-06-20 20:05:51,2021-06-20,24.0,6,1
동작구청,2021-06-20,2021-06-20 19:08:39,2021-06-20 19:38:40,2021-06-20,30.0,6,1
동작구청,2021-06-20,2021-06-20 15:12:03,2021-06-20 15:29:01,2021-06-20,16.0,6,1
동작구청,2021-06-20,2021-06-20 13:58:13,2021-06-20 15:08:57,2021-06-20,70.0,6,1
동작구청,2021-06-20,2021-06-20 13:28:58,2021-06-20 13:54:40,2021-06-20,25.0,6,1
동작구청,2021-06-20,2021-06-20 11:08:09,2021-06-20 11:28:14,2021-06-20,20.0,6,1
동작구청,2021-06-20,2021-06-20 10:35:35,2021-06-20 11:03:20,2021-06-20,27.0,6,1
동작구청,2021-06-20,2021-06-20 09:42:29,2021-06-20 10:22:28,2021-06-20,39.0,6,1
동작구청,2021-06-20,2021-06-20 08:25:14,2021-06-20 09:06:08,2021-06-20,40.0,6,1
동작구청,2021-06-20,2021-06-20 07:53:22,2021-06-20 08:14:05,2021-06-20,20.0,6,1
동작구청,2021-06-20,2021-06-20 07:26:58,2021-06-20 07:51:40,2021-06-20,24.0,6,1
동작구청,2021-06-20,2021-06-20 06:21:52,2021-06-20 07:25:28,2021-06-20,63.0,6,1
동작구청,2021-06-20,2021-06-20 05:32:32,2021-06-20 06:09:14,2021-06-20,36.0,6,1
동작구청,2021-06-19,2021-06-19 20:10:58,2021-06-19 21:05:23,2021-06-19,54.0,5,1
동작구청,2021-06-19,2021-06-19 19:19:12,2021-06-19 19:59:44,2021-06-19,40.0,5,1
동작구청,2021-06-19,2021-06-19 18:55:03,2021-06-19 19:01:38,2021-06-19,6.0,5,1
동작구청,2021-06-19,2021-06-19 16:48:03,2021-06-19 17:20:51,2021-06-19,32.0,5,1
동작구청,2021-06-19,2021-06-19 15:12:02,2021-06-19 16:20:48,2021-06-19,68.0,5,1
동작구청,2021-06-19,2021-06-19 14:40:57,2021-06-19 15:08:08,2021-06-19,27.0,5,1
동작구청,2021-06-19,2021-06-19 12:53:42,2021-06-19 13:10:14,2021-06-19,16.0,5,1
동작구청,2021-06-19,2021-06-19 11:25:20,2021-06-19 11:51:03,2021-06-19,25.0,5,1
동작구청,2021-06-19,2021-06-19 06:23:03,2021-06-19 06:59:37,2021-06-19,36.0,5,1
동작구청,2021-06-19,2021-06-19 05:39:04,2021-06-19 06:16:57,2021-06-19,37.0,5,1
동작구청,2021-06-19,2021-06-18 23:56:36,2021-06-19 01:08:05,2021-06-19,71.0,4,0
동작구청,2021-06-18,2021-06-18 23:33:46,2021-06-18 23:54:25,2021-06-18,20.0,4,0
동작구청,2021-06-18,2021-06-18 23:18:23,2021-06-18 23:30:59,2021-06-18,12.0,4,0
동작구청,2021-06-18,2021-06-18 22:30:40,2021-06-18 23:08:58,2021-06-18,38.0,4,0
동작구청,2021-06-18,2021-06-18 21:26:36,2021-06-18 22:06:44,2021-06-18,40.0,4,0
동작구청,2021-06-18,2021-06-18 20:43:49,2021-06-18 21:12:51,2021-06-18,29.0,4,0
동작구청,2021-06-18,2021-06-18 19:24:00,2021-06-18 19:52:12,2021-06-18,28.0,4,0
동작구청,2021-06-18,2021-06-18 17:50:25,2021-06-18 17:58:15,2021-06-18,7.0,4,0
동작구청,2021-06-18,2021-06-18 17:07:54,2021-06-18 17:45:48,2021-06-18,37.0,4,0
동작구청,2021-06-18,2021-06-18 16:33:04,2021-06-18 17:06:18,2021-06-18,33.0,4,0
동작구청,2021-06-18,2021-06-18 15:49:04,2021-06-18 16:30:04,2021-06-18,41.0,4,0
동작구청,2021-06-18,2021-06-18 15:30:29,2021-06-18 15:47:24,2021-06-18,16.0,4,0
동작구청,2021-06-18,2021-06-18 14:56:14,2021-06-18 15:29:12,2021-06-18,32.0,4,0
동작구청,2021-06-18,2021-06-18 14:15:52,2021-06-18 14:49:15,2021-06-18,33.0,4,0
동작구청,2021-06-18,2021-06-18 13:45:47,2021-06-18 13:58:30,2021-06-18,12.0,4,0
동작구청,2021-06-18,2021-06-18 12:33:00,2021-06-18 13:30:41,2021-06-18,57.0,4,0
동작구청,2021-06-18,2021-06-18 10:36:42,2021-06-18 11:18:38,2021-06-18,41.0,4,0
동작구청,2021-06-18,2021-06-18 10:21:31,2021-06-18 10:34:08,2021-06-18,12.0,4,0
동작구청,2021-06-18,2021-06-18 09:51:16,2021-06-18 10:07:46,2021-06-18,16.0,4,0
동작구청,2021-06-18,2021-06-18 08:14:14,2021-06-18 08:34:01,2021-06-18,19.0,4,0
동작구청,2021-06-18,2021-06-18 06:48:43,2021-06-18 07:29:12,2021-06-18,40.0,4,0
동작구청,2021-06-18,2021-06-18 00:28:57,2021-06-18 02:15:33,2021-06-18,106.0,4,0
동작구청,2021-06-17,2021-06-17 21:04:56,2021-06-17 21:45:28,2021-06-17,40.0,3,0
동작구청,2021-06-17,2021-06-17 20:37:04,2021-06-17 20:57:12,2021-06-17,20.0,3,0
동작구청,2021-06-17,2021-06-17 19:55:15,2021-06-17 20:27:59,2021-06-17,32.0,3,0
동작구청,2021-06-17,2021-06-17 19:22:15,2021-06-17 19:53:05,2021-06-17,30.0,3,0
동작구청,2021-06-17,2021-06-17 17:27:52,2021-06-17 18:21:01,2021-06-17,53.0,3,0
동작구청,2021-06-17,2021-06-17 16:54:55,2021-06-17 17:23:02,2021-06-17,28.0,3,0
동작구청,2021-06-17,2021-06-17 14:53:56,2021-06-17 16:29:00,2021-06-17,95.0,3,0
동작구청,2021-06-17,2021-06-17 13:27:04,2021-06-17 13:59:36,2021-06-17,32.0,3,0
동작구청,2021-06-17,2021-06-17 13:04:12,2021-06-17 13:24:10,2021-06-17,19.0,3,0
동작구청,2021-06-17,2021-06-17 12:04:28,2021-06-17 12:56:26,2021-06-17,51.0,3,0
동작구청,2021-06-17,2021-06-17 11:09:41,2021-06-17 11:24:56,2021-06-17,15.0,3,0
동작구청,2021-06-17,2021-06-17 10:48:12,2021-06-17 11:07:57,2021-06-17,19.0,3,0
동작구청,2021-06-17,2021-06-17 10:00:51,2021-06-17 10:42:04,2021-06-17,41.0,3,0
동작구청,2021-06-17,2021-06-17 08:49:22,2021-06-17 09:39:42,2021-06-17,50.0,3,0
동작구청,2021-06-17,2021-06-17 06:43:20,2021-06-17 07:35:32,2021-06-17,52.0,3,0
동작구청,2021-06-17,2021-06-17 05:27:32,2021-06-17 05:52:29,2021-06-17,24.0,3,0
동작구청,2021-06-17,2021-06-17 01:34:12,2021-06-17 02:29:56,2021-06-17,55.0,3,0
동작구청,2021-06-16,2021-06-16 23:33:01,2021-06-16 23:57:12,2021-06-16,24.0,2,0
동작구청,2021-06-16,2021-06-16 21:54:34,2021-06-16 22:28:23,2021-06-16,33.0,2,0
동작구청,2021-06-16,2021-06-16 21:12:27,2021-06-16 21:52:23,2021-06-16,39.0,2,0
동작구청,2021-06-16,2021-06-16 20:27:36,2021-06-16 21:08:09,2021-06-16,40.0,2,0
동작구청,2021-06-16,2021-06-16 20:00:11,2021-06-16 20:25:06,2021-06-16,24.0,2,0
